Process to;Process;Msg Length Field;Rate Field;Invocation;Msg Length;Duration;Rate
Process 0;Process 1;<2;<4;150;0;0.003463;0.000000
Process 0;Process 1;<8;<4096;150;600;0.211042;2843.034678
Process 0;Process 1;<8;<262144;1082;4328;0.025203;171728.553669
Process 0;Process 1;<8;<1048576;90;360;0.001125;319888.703658
Process 0;Process 2;<2;<4;149;0;830.575233;0.000000
Process 0;Process 2;<8;<4;462;1848;4922.671540;0.375406
Process 0;Process 2;<8;<1024;9;36;0.040242;894.588153
Process 0;Process 2;<8;<4096;141;564;0.376972;1496.132562
Process 0;Process 2;<8;<65536;290;1160;0.026102;44441.681030
Process 0;Process 2;<8;<262144;214;856;0.008813;97124.448571
Process 0;Process 2;<8;<1048576;39;156;0.000413;378126.210978
Process 0;Process 2;<8;<4194304;10;40;0.000027;1463095.132124
Process 0;Process 2;<8;<16777216;1;4;0.000001;6854768.590164
Process 0;Process 3;<2;<4;149;0;917.341492;0.000000
Process 0;Process 3;<8;<4;525;2100;4967.066832;0.422785
Process 0;Process 3;<8;<1024;20;80;0.120709;662.749434
Process 0;Process 3;<8;<4096;130;520;0.387594;1341.610724
Process 0;Process 3;<8;<16384;1;4;0.000674;5932.628109
Process 0;Process 3;<8;<65536;237;948;0.021263;44583.988919
Process 0;Process 3;<8;<262144;216;864;0.008981;96199.728318
Process 0;Process 3;<8;<1048576;53;212;0.000484;438309.401668
Process 0;Process 3;<8;<4194304;8;32;0.000019;1678572.826720
Process 0;Process 3;<8;<16777216;1;4;0.000001;7619185.204082
Process 0;Process 4;<2;<4;150;0;0.009449;0.000000
Process 0;Process 4;<8;<1024;150;600;0.710769;844.156054
Process 0;Process 4;<8;<65536;1199;4796;0.113938;42092.884848
Process 0;Process 4;<8;<262144;1;4;0.000061;65713.185356
Process 0;Process 5;<2;<4;150;0;0.011306;0.000000
Process 0;Process 5;<8;<1024;150;600;0.765290;784.016498
Process 0;Process 5;<8;<65536;1198;4792;0.089422;53588.791151
Process 0;Process 5;<8;<262144;3;12;0.000174;68922.806751
Process 0;Process 6;<2;<4;150;0;0.010970;0.000000
Process 0;Process 6;<8;<1024;150;600;0.968731;619.367115
Process 0;Process 6;<8;<65536;1050;4200;0.083526;50283.553877
Process 0;Process 7;<2;<4;150;0;0.010846;0.000000
Process 0;Process 7;<8;<256;1;4;0.015702;254.741186
Process 0;Process 7;<8;<1024;149;596;1.013411;588.112990
Process 0;Process 7;<8;<65536;900;3600;0.078405;45915.585184
Process 0;Process 8;<2;<4;150;0;0.012621;0.000000
Process 0;Process 8;<8;<256;3;12;0.050852;235.978387
Process 0;Process 8;<8;<1024;147;588;1.173313;501.145141
Process 0;Process 8;<8;<65536;1058;4232;0.086883;48709.170562
Process 0;Process 8;<8;<262144;1;4;0.000057;70744.715222
Process 0;Process 9;<2;<4;150;0;0.011113;0.000000
Process 0;Process 9;<8;<256;3;12;0.052569;228.273039
Process 0;Process 9;<8;<1024;147;588;1.221890;481.221848
Process 0;Process 9;<8;<65536;1050;4200;0.085731;48990.632898
Process 0;Process 10;<2;<4;150;0;0.011418;0.000000
Process 0;Process 10;<8;<256;4;16;0.073119;218.821255
Process 0;Process 10;<8;<1024;146;584;1.402051;416.532762
Process 0;Process 10;<8;<65536;1034;4136;0.079550;51992.519787
Process 0;Process 10;<8;<262144;16;64;0.000906;70633.009722
Process 0;Process 11;<2;<4;150;0;0.010273;0.000000
Process 0;Process 11;<8;<256;4;16;0.073901;216.507275
Process 0;Process 11;<8;<1024;146;584;1.450015;402.754412
Process 0;Process 11;<8;<65536;1045;4180;0.079616;52501.932654
Process 0;Process 11;<8;<262144;5;20;0.000290;68939.806480
Process 0;Process 12;<2;<4;150;0;0.010975;0.000000
Process 0;Process 12;<8;<256;8;32;0.146678;218.164686
Process 0;Process 12;<8;<1024;142;568;1.580008;359.491758
Process 0;Process 12;<8;<65536;1050;4200;0.087146;48194.992704
Process 0;Process 13;<2;<4;150;0;0.013430;0.000000
Process 0;Process 13;<8;<256;8;32;0.149789;213.633772
Process 0;Process 13;<8;<1024;142;568;1.620382;350.534699
Process 0;Process 13;<8;<65536;1050;4200;0.088930;47228.098877
Process 0;Process 14;<2;<4;150;0;0.010772;0.000000
Process 0;Process 14;<8;<256;13;52;0.245274;212.007667
Process 0;Process 14;<8;<1024;137;548;1.718905;318.807618
Process 0;Process 14;<8;<65536;962;3848;0.072213;53286.927664
Process 0;Process 14;<8;<262144;88;352;0.005181;67940.454170
Process 0;Process 15;<2;<4;150;0;0.008374;0.000000
Process 0;Process 15;<8;<256;13;52;0.250502;207.583424
Process 0;Process 15;<8;<1024;137;548;1.758213;311.680064
Process 0;Process 15;<8;<65536;1029;4116;0.085319;48242.547467
Process 0;Process 15;<8;<262144;21;84;0.001221;68794.077179
Process 0;Process 16;<2;<4;150;0;0.010269;0.000000
Process 0;Process 16;<8;<256;18;72;0.348900;206.362860
Process 0;Process 16;<8;<1024;132;528;1.851551;285.166374
Process 0;Process 16;<8;<65536;1346;5384;0.099355;54189.400134
Process 0;Process 16;<8;<262144;4;16;0.000240;66800.150170
Process 0;Process 17;<2;<4;150;0;0.015520;0.000000
Process 0;Process 17;<8;<256;27;108;0.496109;217.694074
Process 0;Process 17;<8;<1024;123;492;1.750265;281.100246
Process 0;Process 17;<8;<65536;1201;4804;0.119585;40172.199047
Process 0;Process 18;<2;<4;150;0;0.011138;0.000000
Process 0;Process 18;<8;<256;56;224;0.988953;226.502251
Process 0;Process 18;<8;<1024;94;376;1.451724;259.002346
Process 0;Process 18;<8;<65536;1048;4192;0.079961;52425.391670
Process 0;Process 18;<8;<262144;2;8;0.000119;67099.007333
Process 0;Process 19;<2;<4;150;0;0.008783;0.000000
Process 0;Process 19;<8;<256;148;592;2.451884;241.446976
Process 0;Process 19;<8;<1024;2;8;0.031038;257.746382
Process 0;Process 19;<8;<65536;1049;4196;0.088927;47184.995699
Process 0;Process 19;<8;<262144;1;4;0.000054;74380.587160
Process 0;Process 20;<2;<4;150;0;0.011943;0.000000
Process 0;Process 20;<8;<256;150;600;2.675771;224.234476
Process 0;Process 20;<8;<65536;1059;4236;0.083447;50762.626373
Process 0;Process 20;<8;<262144;8;32;0.000481;66509.708498
Process 0;Process 21;<2;<4;150;0;0.008851;0.000000
Process 0;Process 21;<8;<256;150;600;2.719186;220.654280
Process 0;Process 21;<8;<1024;1;4;0.005921;675.614264
Process 0;Process 21;<8;<65536;1048;4192;0.087603;47852.240231
Process 0;Process 21;<8;<262144;1;4;0.000060;66988.715724
Process 0;Process 22;<2;<4;150;0;0.013224;0.000000
Process 0;Process 22;<8;<256;150;600;2.913844;205.913541
Process 0;Process 22;<8;<65536;1050;4200;0.084776;49542.146731
Process 0;Process 23;<2;<4;150;0;0.009417;0.000000
Process 0;Process 23;<8;<256;150;600;2.957152;202.897954
Process 0;Process 23;<8;<65536;1050;4200;0.093524;44908.412489
Process 0;Process 24;<2;<4;150;0;0.012838;0.000000
Process 0;Process 24;<8;<256;150;600;3.149189;190.525228
Process 0;Process 24;<8;<65536;1052;4208;0.089800;46859.816815
Process 0;Process 25;<2;<4;150;0;0.009213;0.000000
Process 0;Process 25;<8;<256;150;600;3.191662;187.989839
Process 0;Process 25;<8;<65536;1048;4192;0.091916;45606.829641
Process 0;Process 26;<2;<4;150;0;0.010498;0.000000
Process 0;Process 26;<8;<256;150;600;3.386838;177.156375
Process 0;Process 26;<8;<65536;1050;4200;0.084410;49756.943826
Process 0;Process 27;<2;<4;150;0;0.012411;0.000000
Process 0;Process 27;<8;<256;150;600;3.430173;174.918293
Process 0;Process 27;<8;<65536;1047;4188;0.086206;48581.296520
Process 0;Process 27;<8;<262144;3;12;0.000165;72557.624660
Process 0;Process 28;<2;<4;150;0;0.010323;0.000000
Process 0;Process 28;<8;<256;150;600;3.620873;165.705882
Process 0;Process 28;<8;<65536;1317;5268;0.095156;55361.926671
Process 0;Process 28;<8;<262144;33;132;0.001961;67309.039084
Process 0;Process 29;<2;<4;150;0;0.014563;0.000000
Process 0;Process 29;<8;<256;150;600;3.660082;163.930774
Process 0;Process 29;<8;<65536;1227;4908;0.121745;40313.731182
Process 0;Process 30;<2;<4;150;0;0.012284;0.000000
Process 0;Process 30;<8;<256;150;600;3.850016;155.843499
Process 0;Process 30;<8;<65536;1046;4184;0.079135;52871.906314
Process 0;Process 30;<8;<262144;4;16;0.000236;67665.045303
Process 0;Process 31;<2;<4;150;0;0.008323;0.000000
Process 0;Process 31;<8;<256;150;600;3.848531;155.903647
Process 0;Process 31;<8;<65536;1050;4200;0.089656;46845.853451
Process 1;Process 0;<32;<4;149;2384;875.888683;2.721807
Process 1;Process 0;<32;<1048576;800;12800;0.013960;916911.529485
Process 1;Process 0;<32;<4194304;373;5968;0.005200;1147707.064504
Process 2;Process 0;<32;<4;149;2384;874.566817;2.725921
Process 2;Process 0;<32;<1024;1;16;0.016047;997.055347
Process 2;Process 0;<32;<4096;5;80;0.046584;1717.336081
Process 2;Process 0;<32;<16384;1;16;0.001193;13407.593773
Process 2;Process 0;<32;<65536;1;16;0.000252;63446.677076
Process 2;Process 0;<32;<262144;923;14768;0.117185;126022.583495
Process 2;Process 0;<32;<1048576;94;1504;0.004688;320813.899102
Process 3;Process 0;<32;<4;149;2384;874.640100;2.725693
Process 3;Process 0;<32;<4096;11;176;0.100123;1757.829625
Process 3;Process 0;<32;<262144;967;15472;0.123807;124968.414566
Process 3;Process 0;<32;<1048576;72;1152;0.003740;308056.411812
Process 4;Process 0;<32;<4;149;2384;875.775970;2.722157
Process 4;Process 0;<32;<262144;1201;19216;0.131399;146241.334102
Process 5;Process 0;<32;<4;149;2384;875.955854;2.721598
Process 5;Process 0;<32;<65536;1;16;0.000736;21734.102884
Process 5;Process 0;<32;<262144;1201;19216;0.095635;200931.204101
Process 6;Process 0;<32;<4;149;2384;872.450216;2.732534
Process 6;Process 0;<32;<4096;1;16;0.004287;3732.143817
Process 6;Process 0;<32;<262144;1050;16800;0.099116;169498.180443
Process 7;Process 0;<32;<4;149;2384;870.575795;2.738418
Process 7;Process 0;<32;<16384;1;16;0.001190;13445.710302
Process 7;Process 0;<32;<262144;900;14400;0.087860;163896.338083
Process 8;Process 0;<32;<4;149;2384;873.566648;2.729042
Process 8;Process 0;<32;<262144;1060;16960;0.092332;183684.404698
Process 9;Process 0;<32;<4;149;2384;872.675460;2.731829
Process 9;Process 0;<32;<65536;1;16;0.000246;65130.674467
Process 9;Process 0;<32;<262144;1049;16784;0.086558;193903.892309
Process 9;Process 0;<32;<1048576;1;16;0.000061;263512.026720
Process 10;Process 0;<32;<4;149;2384;873.575491;2.729014
Process 10;Process 0;<32;<262144;1051;16816;0.086547;194299.884915
Process 11;Process 0;<32;<4;149;2384;873.313984;2.729831
Process 11;Process 0;<32;<262144;1051;16816;0.085210;197347.850139
Process 12;Process 0;<32;<4;149;2384;872.848553;2.731287
Process 12;Process 0;<32;<262144;1050;16800;0.082200;204379.707756
Process 12;Process 0;<32;<1048576;1;16;0.000058;274666.231378
Process 13;Process 0;<32;<4;149;2384;873.092282;2.730525
Process 13;Process 0;<32;<262144;1049;16784;0.078165;214725.420166
Process 13;Process 0;<32;<1048576;2;32;0.000115;278235.651404
Process 14;Process 0;<32;<4;149;2384;872.360063;2.732817
Process 14;Process 0;<32;<262144;1049;16784;0.082740;202852.199274
Process 14;Process 0;<32;<1048576;2;32;0.000106;302034.349527
Process 15;Process 0;<32;<4;149;2384;872.029460;2.733853
Process 15;Process 0;<32;<262144;1050;16800;0.092850;180937.018825
Process 15;Process 0;<32;<1048576;1;16;0.000061;263492.100421
Process 16;Process 0;<32;<4;149;2384;875.718978;2.722335
Process 16;Process 0;<32;<262144;1351;21616;0.108847;198591.255508
Process 17;Process 0;<32;<4;149;2384;874.747491;2.725358
Process 17;Process 0;<32;<262144;1202;19232;0.129457;148558.673435
Process 18;Process 0;<32;<4;149;2384;872.350403;2.732847
Process 18;Process 0;<32;<262144;1050;16800;0.080216;209433.533926
Process 18;Process 0;<32;<1048576;1;16;0.000055;288528.231738
Process 19;Process 0;<32;<4;149;2384;872.116751;2.733579
Process 19;Process 0;<32;<262144;1051;16816;0.089181;188559.425789
Process 20;Process 0;<32;<4;149;2384;872.261171;2.733126
Process 20;Process 0;<32;<65536;2;32;0.000630;50775.231250
Process 20;Process 0;<32;<262144;1066;17056;0.091025;187377.283477
Process 21;Process 0;<32;<4;149;2384;871.393630;2.735847
Process 21;Process 0;<32;<262144;1051;16816;0.091970;182841.385913
Process 22;Process 0;<32;<4;149;2384;871.322427;2.736071
Process 22;Process 0;<32;<65536;1;16;0.000279;57391.762253
Process 22;Process 0;<32;<262144;1049;16784;0.077551;216425.101300
Process 22;Process 0;<32;<1048576;1;16;0.000055;291002.076693
Process 23;Process 0;<32;<4;149;2384;870.957644;2.737217
Process 23;Process 0;<32;<4096;1;16;0.004752;3367.329356
Process 23;Process 0;<32;<65536;1;16;0.000256;62468.945467
Process 23;Process 0;<32;<262144;1047;16752;0.085629;195634.217603
Process 23;Process 0;<32;<1048576;2;32;0.000121;264062.851044
Process 24;Process 0;<32;<4;149;2384;871.721590;2.734818
Process 24;Process 0;<32;<65536;1;16;0.000247;64886.190105
Process 24;Process 0;<32;<262144;1049;16784;0.085835;195538.216031
Process 24;Process 0;<32;<1048576;3;48;0.000174;275860.377234
Process 25;Process 0;<32;<4;149;2384;870.512664;2.738616
Process 25;Process 0;<32;<262144;1047;16752;0.087277;191939.679833
Process 25;Process 0;<32;<1048576;2;32;0.000116;274976.907092
Process 26;Process 0;<32;<4;149;2384;870.445303;2.738828
Process 26;Process 0;<32;<16384;1;16;0.002074;7716.343929
Process 26;Process 0;<32;<262144;1048;16768;0.084088;199410.412701
Process 26;Process 0;<32;<1048576;2;32;0.000118;270842.947178
Process 27;Process 0;<32;<4;149;2384;870.627944;2.738253
Process 27;Process 0;<32;<262144;1048;16768;0.079114;211948.377380
Process 27;Process 0;<32;<1048576;3;48;0.000175;274106.264954
Process 28;Process 0;<32;<4;149;2384;874.432502;2.726340
Process 28;Process 0;<32;<262144;1350;21600;0.107380;201154.069058
Process 28;Process 0;<32;<1048576;1;16;0.000058;277649.989376
Process 29;Process 0;<32;<4;149;2384;873.810202;2.728281
Process 29;Process 0;<32;<262144;1228;19648;0.131620;149277.809310
Process 30;Process 0;<32;<4;149;2384;870.258873;2.739415
Process 30;Process 0;<32;<262144;1051;16816;0.084730;198464.742055
Process 31;Process 0;<32;<4;149;2384;869.935114;2.740434
Process 31;Process 0;<32;<262144;1051;16816;0.092280;182228.943884
