ticks;2613380525
progtime;3251404347822
proctime;1;3250199883729
proctime;2;3250208855904
proctime;3;3250542363134
proctime;4;3250528941751
proctime;5;3251345014441
proctime;6;3251350224834
proctime;7;3250590056588
proctime;8;3250591816977
proctime;9;3249738752901
proctime;10;3250548786281
proctime;11;3250570026739
proctime;12;3250314947485
proctime;13;3250555623253
proctime;14;3250288937217
proctime;15;3250273876415
proctime;16;3250540267793
proctime;17;3250318241062
proctime;18;3251400168785
proctime;19;3250296471599
proctime;20;3250286390469
proctime;21;3250627793569
proctime;22;3250626556702
proctime;23;3250575150379
proctime;24;3250307579998
proctime;25;3250540785234
proctime;26;3250549287246
proctime;27;3250534594549
proctime;28;3250267323139
proctime;29;3250320442433
proctime;30;3250576707889
proctime;31;3250597333071
proctime;32;3249535701202
proctime;65538;3218617360404
proctime;65539;3218727738937
proctime;65540;3218678692177
proctime;65541;3218581276755
proctime;65542;3218785685499
proctime;65543;3218722298179
proctime;65544;3218720903914
proctime;65545;3218785701184
proctime;65546;3218723043350
proctime;65547;3218565588771
proctime;65548;3218588388562
proctime;65549;3218608888142
proctime;65550;3218565433161
proctime;65551;3218645081336
proctime;65552;3218684281668
proctime;65553;3218561711681
proctime;65554;3218487463045
proctime;65555;3218576321592
proctime;65556;3218603483771
proctime;65557;3218509914996
proctime;65558;3218634800220
proctime;65559;3218620699118
proctime;65560;3218668869438
proctime;65561;3218502643781
proctime;65562;3218468952067
proctime;65563;3218680063721
proctime;65564;3218644220159
proctime;65565;3218511594404
proctime;65566;3218619233798
proctime;65567;3218567478625
proctime;65568;3218682422549
proc;1;Process 0
proc;2;Process 1
proc;3;Process 2
proc;4;Process 3
proc;5;Process 4
proc;6;Process 5
proc;7;Process 6
proc;8;Process 7
proc;9;Process 8
proc;10;Process 9
proc;11;Process 10
proc;12;Process 11
proc;13;Process 12
proc;14;Process 13
proc;15;Process 14
proc;16;Process 15
proc;17;Process 16
proc;18;Process 17
proc;19;Process 18
proc;20;Process 19
proc;21;Process 20
proc;22;Process 21
proc;23;Process 22
proc;24;Process 23
proc;25;Process 24
proc;26;Process 25
proc;27;Process 26
proc;28;Process 27
proc;29;Process 28
proc;30;Process 29
proc;31;Process 30
proc;32;Process 31
proc;65538;Thread 1:1
proc;65539;Thread 2:1
proc;65540;Thread 3:1
proc;65541;Thread 4:1
proc;65542;Thread 5:1
proc;65543;Thread 6:1
proc;65544;Thread 7:1
proc;65545;Thread 8:1
proc;65546;Thread 9:1
proc;65547;Thread 10:1
proc;65548;Thread 11:1
proc;65549;Thread 12:1
proc;65550;Thread 13:1
proc;65551;Thread 14:1
proc;65552;Thread 15:1
proc;65553;Thread 16:1
proc;65554;Thread 17:1
proc;65555;Thread 18:1
proc;65556;Thread 19:1
proc;65557;Thread 20:1
proc;65558;Thread 21:1
proc;65559;Thread 22:1
proc;65560;Thread 23:1
proc;65561;Thread 24:1
proc;65562;Thread 25:1
proc;65563;Thread 26:1
proc;65564;Thread 27:1
proc;65565;Thread 28:1
proc;65566;Thread 29:1
proc;65567;Thread 30:1
proc;65568;Thread 31:1
fg;1;Application
fg;2;VT_API
fg;3;OMP-PREG
fg;4;LIBC
fg;5;LIBC-I/O
fg;6;MPI
fg;7;PTHREAD
fg;8;OMP
fg;9;OMP-LOOP
fg;10;OMP-SYNC
funcdef;1;user;1
funcdef;2;sync;2
funcdef;3;sync time;2
funcdef;4;flush;2
funcdef;5;dump statistics;2
funcdef;6;tracing off;2
funcdef;7;parallel region;3
funcdef;8;system;4
funcdef;9;wait;4
funcdef;10;waitpid;4
funcdef;11;open;5
funcdef;12;creat;5
funcdef;13;close;5
funcdef;14;dup;5
funcdef;15;dup2;5
funcdef;16;lseek;5
funcdef;17;read;5
funcdef;18;write;5
funcdef;19;readv;5
funcdef;20;writev;5
funcdef;21;pread;5
funcdef;22;pwrite;5
funcdef;23;fdopen;5
funcdef;24;fopen;5
funcdef;25;fclose;5
funcdef;26;fseek;5
funcdef;27;fseeko;5
funcdef;28;rewind;5
funcdef;29;fsetpos;5
funcdef;30;fread;5
funcdef;31;fwrite;5
funcdef;32;fgetc;5
funcdef;33;getc;5
funcdef;34;fgets;5
funcdef;35;gets;5
funcdef;36;fputc;5
funcdef;37;putc;5
funcdef;38;fputs;5
funcdef;39;puts;5
funcdef;40;fscanf;5
funcdef;41;fprintf;5
funcdef;42;unlink;5
funcdef;43;flockfile;5
funcdef;44;ftrylockfile;5
funcdef;45;funlockfile;5
funcdef;46;lockf;5
funcdef;47;fcntl;5
funcdef;48;open64;5
funcdef;49;creat64;5
funcdef;50;lseek64;5
funcdef;51;pread64;5
funcdef;52;pwrite64;5
funcdef;53;fopen64;5
funcdef;54;fseeko64;5
funcdef;55;fsetpos64;5
funcdef;56;MPI_Init;6
funcdef;57;MPI_Initialized;6
funcdef;58;MPI_Init_thread;6
funcdef;59;pthread_create;7
funcdef;60;pthread_join;7
funcdef;61;pthread_exit;7
funcdef;62;pthread_once;7
funcdef;63;pthread_self;7
funcdef;64;pthread_equal;7
funcdef;65;pthread_detach;7
funcdef;66;pthread_key_create;7
funcdef;67;pthread_key_delete;7
funcdef;68;pthread_getspecific;7
funcdef;69;pthread_setspecific;7
funcdef;70;pthread_cancel;7
funcdef;71;pthread_setcancelstate;7
funcdef;72;pthread_testcancel;7
funcdef;73;pthread_getschedparam;7
funcdef;74;pthread_setschedparam;7
funcdef;75;pthread_attr_init;7
funcdef;76;pthread_attr_destroy;7
funcdef;77;pthread_attr_setdetachstate;7
funcdef;78;pthread_attr_getdetachstate;7
funcdef;79;pthread_attr_getstacksize;7
funcdef;80;pthread_attr_setstacksize;7
funcdef;81;pthread_attr_getschedparam;7
funcdef;82;pthread_attr_setschedparam;7
funcdef;83;pthread_attr_getschedpolicy;7
funcdef;84;pthread_attr_setschedpolicy;7
funcdef;85;pthread_attr_setinheritsched;7
funcdef;86;pthread_attr_getinheritsched;7
funcdef;87;pthread_attr_setscope;7
funcdef;88;pthread_attr_getscope;7
funcdef;89;pthread_mutex_init;7
funcdef;90;pthread_mutex_destroy;7
funcdef;91;pthread_mutex_lock;7
funcdef;92;pthread_mutex_unlock;7
funcdef;93;pthread_mutex_trylock;7
funcdef;94;pthread_mutexattr_init;7
funcdef;95;pthread_mutexattr_destroy;7
funcdef;96;pthread_mutexattr_getpshared;7
funcdef;97;pthread_mutexattr_setpshared;7
funcdef;98;pthread_cond_init;7
funcdef;99;pthread_cond_destroy;7
funcdef;100;pthread_cond_signal;7
funcdef;101;pthread_cond_broadcast;7
funcdef;102;pthread_cond_wait;7
funcdef;103;pthread_cond_timedwait;7
funcdef;104;pthread_condattr_init;7
funcdef;105;pthread_condattr_destroy;7
funcdef;106;pthread_condattr_getpshared;7
funcdef;107;pthread_condattr_setpshared;7
funcdef;108;MAIN__;1
funcdef;109;MPI_Abort;6
funcdef;110;MPI_Address;6
funcdef;111;MPI_Allgather;6
funcdef;112;MPI_Allgatherv;6
funcdef;113;MPI_Allreduce;6
funcdef;114;MPI_Alltoall;6
funcdef;115;MPI_Alltoallv;6
funcdef;116;MPI_Attr_delete;6
funcdef;117;MPI_Attr_get;6
funcdef;118;MPI_Attr_put;6
funcdef;119;MPI_Barrier;6
funcdef;120;MPI_Bcast;6
funcdef;121;MPI_Bsend;6
funcdef;122;MPI_Bsend_init;6
funcdef;123;MPI_Buffer_attach;6
funcdef;124;MPI_Buffer_detach;6
funcdef;125;MPI_Cancel;6
funcdef;126;MPI_Cart_coords;6
funcdef;127;MPI_Cart_create;6
funcdef;128;MPI_Cart_get;6
funcdef;129;MPI_Cart_map;6
funcdef;130;MPI_Cart_rank;6
funcdef;131;MPI_Cart_shift;6
funcdef;132;MPI_Cart_sub;6
funcdef;133;MPI_Cartdim_get;6
funcdef;134;MPI_Comm_compare;6
funcdef;135;MPI_Comm_create;6
funcdef;136;MPI_Comm_dup;6
funcdef;137;MPI_Comm_free;6
funcdef;138;MPI_Comm_group;6
funcdef;139;MPI_Comm_rank;6
funcdef;140;MPI_Comm_remote_group;6
funcdef;141;MPI_Comm_remote_size;6
funcdef;142;MPI_Comm_size;6
funcdef;143;MPI_Comm_split;6
funcdef;144;MPI_Comm_test_inter;6
funcdef;145;MPI_Dims_create;6
funcdef;146;MPI_Errhandler_create;6
funcdef;147;MPI_Errhandler_free;6
funcdef;148;MPI_Errhandler_get;6
funcdef;149;MPI_Errhandler_set;6
funcdef;150;MPI_Error_class;6
funcdef;151;MPI_Error_string;6
funcdef;152;MPI_Finalize;6
funcdef;153;MPI_Gather;6
funcdef;154;MPI_Gatherv;6
funcdef;155;MPI_Get_count;6
funcdef;156;MPI_Get_elements;6
funcdef;157;MPI_Get_processor_name;6
funcdef;158;MPI_Get_version;6
funcdef;159;MPI_Graph_create;6
funcdef;160;MPI_Graph_get;6
funcdef;161;MPI_Graph_map;6
funcdef;162;MPI_Graph_neighbors;6
funcdef;163;MPI_Graph_neighbors_count;6
funcdef;164;MPI_Graphdims_get;6
funcdef;165;MPI_Group_compare;6
funcdef;166;MPI_Group_difference;6
funcdef;167;MPI_Group_excl;6
funcdef;168;MPI_Group_free;6
funcdef;169;MPI_Group_incl;6
funcdef;170;MPI_Group_intersection;6
funcdef;171;MPI_Group_range_excl;6
funcdef;172;MPI_Group_range_incl;6
funcdef;173;MPI_Group_rank;6
funcdef;174;MPI_Group_size;6
funcdef;175;MPI_Group_translate_ranks;6
funcdef;176;MPI_Group_union;6
funcdef;177;MPI_Ibsend;6
funcdef;178;MPI_Intercomm_create;6
funcdef;179;MPI_Intercomm_merge;6
funcdef;180;MPI_Iprobe;6
funcdef;181;MPI_Irecv;6
funcdef;182;MPI_Irsend;6
funcdef;183;MPI_Isend;6
funcdef;184;MPI_Issend;6
funcdef;185;MPI_Keyval_create;6
funcdef;186;MPI_Keyval_free;6
funcdef;187;MPI_Op_create;6
funcdef;188;MPI_Op_free;6
funcdef;189;MPI_Pack;6
funcdef;190;MPI_Pack_size;6
funcdef;191;MPI_Pcontrol;6
funcdef;192;MPI_Probe;6
funcdef;193;MPI_Recv;6
funcdef;194;MPI_Recv_init;6
funcdef;195;MPI_Reduce;6
funcdef;196;MPI_Reduce_scatter;6
funcdef;197;MPI_Request_free;6
funcdef;198;MPI_Rsend;6
funcdef;199;MPI_Rsend_init;6
funcdef;200;MPI_Scan;6
funcdef;201;MPI_Scatter;6
funcdef;202;MPI_Scatterv;6
funcdef;203;MPI_Send;6
funcdef;204;MPI_Send_init;6
funcdef;205;MPI_Sendrecv;6
funcdef;206;MPI_Sendrecv_replace;6
funcdef;207;MPI_Ssend;6
funcdef;208;MPI_Ssend_init;6
funcdef;209;MPI_Start;6
funcdef;210;MPI_Startall;6
funcdef;211;MPI_Test;6
funcdef;212;MPI_Test_cancelled;6
funcdef;213;MPI_Testall;6
funcdef;214;MPI_Testany;6
funcdef;215;MPI_Testsome;6
funcdef;216;MPI_Topo_test;6
funcdef;217;MPI_Type_commit;6
funcdef;218;MPI_Type_contiguous;6
funcdef;219;MPI_Type_extent;6
funcdef;220;MPI_Type_free;6
funcdef;221;MPI_Type_hindexed;6
funcdef;222;MPI_Type_hvector;6
funcdef;223;MPI_Type_indexed;6
funcdef;224;MPI_Type_lb;6
funcdef;225;MPI_Type_size;6
funcdef;226;MPI_Type_struct;6
funcdef;227;MPI_Type_ub;6
funcdef;228;MPI_Type_vector;6
funcdef;229;MPI_Unpack;6
funcdef;230;MPI_Wait;6
funcdef;231;MPI_Waitall;6
funcdef;232;MPI_Waitany;6
funcdef;233;MPI_Waitsome;6
funcdef;234;MPI_Wtick;6
funcdef;235;MPI_Wtime;6
funcdef;236;MPI_Is_thread_main;6
funcdef;237;MPI_Query_thread;6
funcdef;238;MPI_Accumulate;6
funcdef;239;MPI_Get;6
funcdef;240;MPI_Put;6
funcdef;241;MPI_Win_complete;6
funcdef;242;MPI_Win_create;6
funcdef;243;MPI_Win_fence;6
funcdef;244;MPI_Win_free;6
funcdef;245;MPI_Win_lock;6
funcdef;246;MPI_Win_post;6
funcdef;247;MPI_Win_start;6
funcdef;248;MPI_Win_test;6
funcdef;249;MPI_Win_unlock;6
funcdef;250;MPI_Win_wait;6
funcdef;251;MPI_Alltoallw;6
funcdef;252;MPI_Exscan;6
funcdef;253;MPI_File_call_errhandler;6
funcdef;254;MPI_File_create_errhandler;6
funcdef;255;MPI_File_get_errhandler;6
funcdef;256;MPI_File_set_errhandler;6
funcdef;257;MPI_File_open;6
funcdef;258;MPI_File_close;6
funcdef;259;MPI_File_delete;6
funcdef;260;MPI_File_set_size;6
funcdef;261;MPI_File_preallocate;6
funcdef;262;MPI_File_get_size;6
funcdef;263;MPI_File_get_group;6
funcdef;264;MPI_File_get_amode;6
funcdef;265;MPI_File_set_info;6
funcdef;266;MPI_File_get_info;6
funcdef;267;MPI_File_set_view;6
funcdef;268;MPI_File_get_view;6
funcdef;269;MPI_File_read_at;6
funcdef;270;MPI_File_read_at_all;6
funcdef;271;MPI_File_write_at;6
funcdef;272;MPI_File_write_at_all;6
funcdef;273;MPI_File_iread_at;6
funcdef;274;MPI_File_iwrite_at;6
funcdef;275;MPI_File_read;6
funcdef;276;MPI_File_read_all;6
funcdef;277;MPI_File_write;6
funcdef;278;MPI_File_write_all;6
funcdef;279;MPI_File_iread;6
funcdef;280;MPI_File_iwrite;6
funcdef;281;MPI_File_seek;6
funcdef;282;MPI_File_get_position;6
funcdef;283;MPI_File_get_byte_offset;6
funcdef;284;MPI_File_read_shared;6
funcdef;285;MPI_File_write_shared;6
funcdef;286;MPI_File_iread_shared;6
funcdef;287;MPI_File_iwrite_shared;6
funcdef;288;MPI_File_read_ordered;6
funcdef;289;MPI_File_write_ordered;6
funcdef;290;MPI_File_seek_shared;6
funcdef;291;MPI_File_get_position_shared;6
funcdef;292;MPI_File_read_at_all_begin;6
funcdef;293;MPI_File_read_at_all_end;6
funcdef;294;MPI_File_write_at_all_begin;6
funcdef;295;MPI_File_write_at_all_end;6
funcdef;296;MPI_File_read_all_begin;6
funcdef;297;MPI_File_read_all_end;6
funcdef;298;MPI_File_write_all_begin;6
funcdef;299;MPI_File_write_all_end;6
funcdef;300;MPI_File_read_ordered_begin;6
funcdef;301;MPI_File_read_ordered_end;6
funcdef;302;MPI_File_write_ordered_begin;6
funcdef;303;MPI_File_write_ordered_end;6
funcdef;304;MPI_File_get_type_extent;6
funcdef;305;MPI_File_set_atomicity;6
funcdef;306;MPI_File_get_atomicity;6
funcdef;307;MPI_File_sync;6
funcdef;308;omp_destroy_lock;8
funcdef;309;omp_destroy_nest_lock;8
funcdef;310;omp_get_dynamic;8
funcdef;311;omp_get_max_threads;8
funcdef;312;omp_get_nested;8
funcdef;313;omp_get_num_procs;8
funcdef;314;omp_get_num_threads;8
funcdef;315;omp_get_thread_num;8
funcdef;316;omp_in_parallel;8
funcdef;317;omp_init_lock;8
funcdef;318;omp_init_nest_lock;8
funcdef;319;omp_set_dynamic;8
funcdef;320;omp_set_lock;8
funcdef;321;omp_set_nest_lock;8
funcdef;322;omp_set_nested;8
funcdef;323;omp_set_num_threads;8
funcdef;324;omp_test_lock;8
funcdef;325;omp_test_nest_lock;8
funcdef;326;omp_unset_lock;8
funcdef;327;omp_unset_nest_lock;8
funcdef;328;!$omp do @amspec_mpi.f90:176;9
funcdef;329;!$omp parallel @amspec_mpi.f90:176;8
funcdef;330;!$omp ibarrier @amspec_mpi.f90:191;10
funcdef;331;!$omp do @amspec_mpi.f90:193;9
funcdef;332;!$omp parallel @amspec_mpi.f90:193;8
funcdef;333;!$omp ibarrier @amspec_mpi.f90:202;10
funcdef;334;!$omp do @amspec_mpi.f90:206;9
funcdef;335;!$omp parallel @amspec_mpi.f90:206;8
funcdef;336;!$omp ibarrier @amspec_mpi.f90:213;10
func;3;1;2;8014054660;8014054660
func;3;2;2;8262583373;8262583373
func;3;3;2;8158943011;8158943011
func;3;4;2;8197533864;8197533864
func;3;5;2;8280091127;8280091127
func;3;6;2;8093916485;8093916485
func;3;7;2;8147091232;8147091232
func;3;8;2;8107025413;8107025413
func;3;9;2;8074838217;8074838217
func;3;10;2;8135487311;8135487311
func;3;11;2;8279538979;8279538979
func;3;12;2;8266831460;8266831460
func;3;13;2;8235844484;8235844484
func;3;14;2;8260781197;8260781197
func;3;15;2;8190425542;8190425542
func;3;16;2;8140921334;8140921334
func;3;17;2;8263829467;8263829467
func;3;18;2;8304432188;8304432188
func;3;19;2;8236527800;8236527800
func;3;20;2;8195367831;8195367831
func;3;21;2;8294198142;8294198142
func;3;22;2;8162600132;8162600132
func;3;23;2;8173513351;8173513351
func;3;24;2;8100810244;8100810244
func;3;25;2;8280956354;8280956354
func;3;26;2;8309647995;8309647995
func;3;27;2;8095063492;8095063492
func;3;28;2;8120951525;8120951525
func;3;29;2;8255718539;8255718539
func;3;30;2;8147044671;8147044671
func;3;31;2;8131215287;8131215287
func;3;32;2;8068766120;8068766120
func;7;2;3966;6503315786;313469222780
func;7;3;3522;6140623215;304511048657
func;7;4;3597;7454516282;304497161886
func;7;5;4050;5646430974;311887977479
func;7;6;4053;5968246207;306889538706
func;7;7;3600;7949106213;331568060956
func;7;8;3150;6249140296;337995542766
func;7;9;3627;7089400043;309207284783
func;7;10;3600;7027376615;326785454273
func;7;11;3600;5978641878;307173630363
func;7;12;3600;6875639134;310963993631
func;7;13;3600;6898962221;315226014980
func;7;14;3600;6251950359;308889043269
func;7;15;3600;6025865033;322496936956
func;7;16;3600;7249736808;328302750580
func;7;17;4500;6349226215;309385609012
func;7;18;4053;5674087677;300917128738
func;7;19;3600;6088866471;313420915182
func;7;20;3600;6959156034;317369214598
func;7;21;3651;6974474737;308732793976
func;7;22;3600;7066858749;324021701303
func;7;23;3600;6364735899;322205271798
func;7;24;3600;7264436005;329561517893
func;7;25;3606;7135553719;307515869170
func;7;26;3594;7237021147;333020924076
func;7;27;3600;7204170650;331492114647
func;7;28;3600;5977243824;327374755330
func;7;29;4500;6311871907;306140565424
func;7;30;4131;5795187532;296073832267
func;7;31;3600;6499333752;325787623153
func;7;32;3600;7163189307;332626846662
func;11;1;14;345381;345381
func;11;2;14;217541;217541
func;11;3;14;355718;355718
func;11;4;14;216275;216275
func;11;5;14;351236;351236
func;11;6;14;208373;208373
func;11;7;14;338769;338769
func;11;8;14;236597;236597
func;11;9;14;342173;342173
func;11;10;14;206777;206777
func;11;11;14;349597;349597
func;11;12;14;214453;214453
func;11;13;14;321662;321662
func;11;14;14;207993;207993
func;11;15;14;358650;358650
func;11;16;14;205676;205676
func;11;17;14;344475;344475
func;11;18;14;213749;213749
func;11;19;14;359734;359734
func;11;20;14;248624;248624
func;11;21;14;340878;340878
func;11;22;14;238317;238317
func;11;23;14;342129;342129
func;11;24;14;202062;202062
func;11;25;14;332565;332565
func;11;26;14;225975;225975
func;11;27;14;325031;325031
func;11;28;14;213703;213703
func;11;29;14;339652;339652
func;11;30;14;216869;216869
func;11;31;14;342138;342138
func;11;32;14;212905;212905
func;13;1;195;99373749;99373749
func;13;2;19;263294;263294
func;13;3;19;305122;305122
func;13;4;20;396252;396252
func;13;5;19;299716;299716
func;13;6;20;361989;361989
func;13;7;20;263443;263443
func;13;8;20;360213;360213
func;13;9;19;241573;241573
func;13;10;20;278866;278866
func;13;11;20;254059;254059
func;13;12;20;342972;342972
func;13;13;20;309728;309728
func;13;14;20;294042;294042
func;13;15;20;288012;288012
func;13;16;20;284721;284721
func;13;17;19;373120;373120
func;13;18;20;339106;339106
func;13;19;20;277693;277693
func;13;20;20;296009;296009
func;13;21;20;317693;317693
func;13;22;20;275306;275306
func;13;23;20;281621;281621
func;13;24;20;277665;277665
func;13;25;20;253612;253612
func;13;26;20;299846;299846
func;13;27;20;385694;385694
func;13;28;20;285582;285582
func;13;29;20;468463;468463
func;13;30;20;355141;355141
func;13;31;20;266645;266645
func;13;32;19;272401;272401
func;17;1;10508;2279799909064;2279799909064
func;17;2;8;42049;42049
func;17;3;8;45391;45391
func;17;4;8;39656;39656
func;17;5;8;41439;41439
func;17;6;8;42373;42373
func;17;7;8;43444;43444
func;17;8;8;42101;42101
func;17;9;8;40843;40843
func;17;10;8;40493;40493
func;17;11;8;40908;40908
func;17;12;8;39666;39666
func;17;13;8;40633;40633
func;17;14;8;42814;42814
func;17;15;8;42851;42851
func;17;16;8;38237;38237
func;17;17;8;38586;38586
func;17;18;8;39645;39645
func;17;19;8;41447;41447
func;17;20;8;43394;43394
func;17;21;8;41347;41347
func;17;22;8;40588;40588
func;17;23;8;40262;40262
func;17;24;8;69596;69596
func;17;25;8;43798;43798
func;17;26;8;42945;42945
func;17;27;8;38310;38310
func;17;28;8;41722;41722
func;17;29;8;40790;40790
func;17;30;8;38579;38579
func;17;31;8;39838;39838
func;17;32;8;42173;42173
func;18;1;4;6657280;6657280
func;19;1;37092;222251613;222251613
func;19;2;17;103390;103390
func;19;3;1188;21509686;21509686
func;19;4;1217;31713851;31713851
func;19;5;1368;62257604;62257604
func;19;6;1370;21843117;21843117
func;19;7;1214;32858881;32858881
func;19;8;1068;35514800;35514800
func;19;9;1227;39106048;39106048
func;19;10;1221;23166533;23166533
func;19;11;1214;32811420;32811420
func;19;12;1218;22624584;22624584
func;19;13;1216;21705433;21705433
func;19;14;1220;39704126;39704126
func;19;15;1215;19163821;19163821
func;19;16;1219;38387534;38387534
func;19;17;1515;25499558;25499558
func;19;18;1371;67121790;67121790
func;19;19;1215;19138614;19138614
func;19;20;1219;35764089;35764089
func;19;21;1233;21540248;21540248
func;19;22;1221;35897051;35897051
func;19;23;1215;20100930;20100930
func;19;24;1220;37685287;37685287
func;19;25;1218;22873480;22873480
func;19;26;1218;36479694;36479694
func;19;27;1216;22383815;22383815
func;19;28;1219;36754205;36754205
func;19;29;1516;26006901;26006901
func;19;30;1397;67192684;67192684
func;19;31;1213;20265930;20265930
func;19;32;1220;41056022;41056022
func;20;1;41589;510874174;510874174
func;20;2;9;337022;337022
func;20;3;1185;80201483;80201483
func;20;4;1208;91234513;91234513
func;20;5;1361;168662624;168662624
func;20;6;1360;84236038;84236038
func;20;7;1211;113961783;113961783
func;20;8;1059;104149115;104149115
func;20;9;1220;97757752;97757752
func;20;10;1209;82813050;82813050
func;20;11;1211;85667493;85667493
func;20;12;1209;73734749;73734749
func;20;13;1211;80252746;80252746
func;20;14;1209;83942324;83942324
func;20;15;1211;74600169;74600169
func;20;16;1209;99928305;99928305
func;20;17;1511;91718764;91718764
func;20;18;1360;152533431;152533431
func;20;19;1211;73219256;73219256
func;20;20;1209;99073430;99073430
func;20;21;1228;87392865;87392865
func;20;22;1209;100012483;100012483
func;20;23;1211;73991256;73991256
func;20;24;1209;96718813;96718813
func;20;25;1213;86515625;86515625
func;20;26;1207;99625321;99625321
func;20;27;1211;76900711;76900711
func;20;28;1209;81804412;81804412
func;20;29;1511;93906191;93906191
func;20;30;1386;155738627;155738627
func;20;31;1211;79369734;79369734
func;20;32;1209;102297382;102297382
func;24;1;81;29683303;29683303
func;24;2;81;28941046;28941046
func;24;3;81;37707346;37707346
func;24;4;81;33374594;33374594
func;24;5;81;27990044;27990044
func;24;6;81;29053224;29053224
func;24;7;81;35853821;35853821
func;24;8;81;25160143;25160143
func;24;9;81;17794156;17794156
func;24;10;81;29938515;29938515
func;24;11;81;31070665;31070665
func;24;12;81;15927792;15927792
func;24;13;81;30905413;30905413
func;24;14;81;23239816;23239816
func;24;15;81;18961288;18961288
func;24;16;81;31727953;31727953
func;24;17;81;18383903;18383903
func;24;18;81;22737897;22737897
func;24;19;81;35843977;35843977
func;24;20;81;24412433;24412433
func;24;21;81;25869717;25869717
func;24;22;81;36227687;36227687
func;24;23;81;29269197;29269197
func;24;24;81;27974778;27974778
func;24;25;81;25831760;25831760
func;24;26;81;40245075;40245075
func;24;27;81;27777116;27777116
func;24;28;81;24078833;24078833
func;24;29;81;17241456;17241456
func;24;30;81;27758451;27758451
func;24;31;81;30160167;30160167
func;24;32;81;17927552;17927552
func;25;1;41;1261603;1261603
func;25;2;41;1511950;1511950
func;25;3;41;1580473;1580473
func;25;4;41;1244054;1244054
func;25;5;41;1627959;1627959
func;25;6;41;1556523;1556523
func;25;7;41;1329782;1329782
func;25;8;41;1566635;1566635
func;25;9;41;1228764;1228764
func;25;10;41;1249954;1249954
func;25;11;41;10984525;10984525
func;25;12;41;1514092;1514092
func;25;13;41;1268103;1268103
func;25;14;41;1288377;1288377
func;25;15;41;1251754;1251754
func;25;16;41;1224485;1224485
func;25;17;41;1349150;1349150
func;25;18;41;1445300;1445300
func;25;19;41;1402951;1402951
func;25;20;41;1290029;1290029
func;25;21;41;1552817;1552817
func;25;22;41;1306001;1306001
func;25;23;41;1323174;1323174
func;25;24;41;10970309;10970309
func;25;25;41;1295827;1295827
func;25;26;41;1310803;1310803
func;25;27;41;2176638;2176638
func;25;28;41;1155509;1155509
func;25;29;41;1354687;1354687
func;25;30;41;1203694;1203694
func;25;31;41;1238757;1238757
func;25;32;41;1199551;1199551
func;28;1;2;13733;13733
func;28;2;2;14322;14322
func;28;3;2;16158;16158
func;28;4;2;15294;15294
func;28;5;2;15478;15478
func;28;6;2;16281;16281
func;28;7;2;16409;16409
func;28;8;2;14659;14659
func;28;9;2;15796;15796
func;28;10;2;16763;16763
func;28;11;2;17484;17484
func;28;12;2;16194;16194
func;28;13;2;14139;14139
func;28;14;2;14743;14743
func;28;15;2;15619;15619
func;28;16;2;15254;15254
func;28;17;2;12681;12681
func;28;18;2;12522;12522
func;28;19;2;17047;17047
func;28;20;2;16447;16447
func;28;21;2;15034;15034
func;28;22;2;16317;16317
func;28;23;2;14310;14310
func;28;24;2;14072;14072
func;28;25;2;17740;17740
func;28;26;2;13137;13137
func;28;27;2;15865;15865
func;28;28;2;15188;15188
func;28;29;2;15297;15297
func;28;30;2;15219;15219
func;28;31;2;16820;16820
func;28;32;2;16327;16327
func;30;1;2;53778;53778
func;30;2;2;64117;64117
func;30;3;2;186647;186647
func;30;4;2;54655;54655
func;30;5;2;55175;55175
func;30;6;2;60719;60719
func;30;7;2;59104;59104
func;30;8;2;58681;58681
func;30;9;2;55294;55294
func;30;10;2;59404;59404
func;30;11;2;59179;59179
func;30;12;2;58181;58181
func;30;13;2;62091;62091
func;30;14;2;60179;60179
func;30;15;2;64361;64361
func;30;16;2;47630;47630
func;30;17;2;58760;58760
func;30;18;2;47280;47280
func;30;19;2;54384;54384
func;30;20;2;52320;52320
func;30;21;2;55626;55626
func;30;22;2;59218;59218
func;30;23;2;51726;51726
func;30;24;2;52632;52632
func;30;25;2;49058;49058
func;30;26;2;55000;55000
func;30;27;2;47208;47208
func;30;28;2;53711;53711
func;30;29;2;54344;54344
func;30;30;2;48165;48165
func;30;31;2;46878;46878
func;30;32;2;61797;61797
func;34;1;1702;14569129;14569129
func;34;2;1702;16113459;16113459
func;34;3;1702;3366256;3366256
func;34;4;1702;3092843;3092843
func;34;5;1702;4879389;4879389
func;34;6;1702;3356861;3356861
func;34;7;1702;3223536;3223536
func;34;8;1702;3098824;3098824
func;34;9;1702;4078507;4078507
func;34;10;1702;3120117;3120117
func;34;11;1702;3943601;3943601
func;34;12;1702;3105908;3105908
func;34;13;1702;3087787;3087787
func;34;14;1702;3118553;3118553
func;34;15;1702;3097342;3097342
func;34;16;1702;2996300;2996300
func;34;17;1702;3023758;3023758
func;34;18;1702;2982432;2982432
func;34;19;1702;3267155;3267155
func;34;20;1702;3159571;3159571
func;34;21;1702;3091384;3091384
func;34;22;1702;3269201;3269201
func;34;23;1702;3096649;3096649
func;34;24;1702;2912887;2912887
func;34;25;1702;3086581;3086581
func;34;26;1702;4582931;4582931
func;34;27;1702;3126294;3126294
func;34;28;1702;3022245;3022245
func;34;29;1702;3113177;3113177
func;34;30;1702;3098383;3098383
func;34;31;1702;6317730;6317730
func;34;32;1702;3106312;3106312
func;42;1;2;114680;114680
func;42;2;2;135378;135378
func;42;3;2;219946;219946
func;42;4;2;109912;109912
func;42;5;2;54834;54834
func;42;6;2;122690;122690
func;42;7;2;131662;131662
func;42;8;2;116707;116707
func;42;9;2;139961;139961
func;42;10;2;100781;100781
func;42;11;2;135737;135737
func;42;12;2;95945;95945
func;42;13;2;112307;112307
func;42;14;2;139637;139637
func;42;15;2;97915;97915
func;42;16;2;133040;133040
func;42;17;2;279374;279374
func;42;18;2;152436;152436
func;42;19;2;101319;101319
func;42;20;2;134940;134940
func;42;21;2;79048;79048
func;42;22;2;132874;132874
func;42;23;2;90112;90112
func;42;24;2;143324;143324
func;42;25;2;111108;111108
func;42;26;2;125594;125594
func;42;27;2;86182;86182
func;42;28;2;132447;132447
func;42;29;2;249778;249778
func;42;30;2;120588;120588
func;42;31;2;97815;97815
func;42;32;2;135352;135352
func;48;1;151;14440051677;14440051677
func;50;1;151;1561961;1561961
func;56;1;1;3452906828;11461919637
func;56;2;1;3452281096;11471005313
func;56;3;1;3788488729;11805109938
func;56;4;1;3792926384;11792277443
func;56;5;1;4596828597;12602978587
func;56;6;1;4603198614;12609751989
func;56;7;1;3843754244;11854102477
func;56;8;1;3849599772;11854541592
func;56;9;1;3009699006;11002167528
func;56;10;1;3804958880;11811232720
func;56;11;1;3827368454;11833879453
func;56;12;1;3583471060;11577883270
func;56;13;1;3809946497;11817886924
func;56;14;1;3559263630;11551973172
func;56;15;1;3538444930;11536970811
func;56;16;1;3797603296;11804290851
func;56;17;1;3583541464;11581083207
func;56;18;1;4662371130;12662410786
func;56;19;1;3546847648;11559435235
func;56;20;1;3553168456;11550123700
func;56;21;1;3884891765;11889971475
func;56;22;1;3874846639;11889588626
func;56;23;1;3829404692;11838058521
func;56;24;1;3575595299;11571418502
func;56;25;1;3801592006;11803035081
func;56;26;1;3796689478;11812185979
func;56;27;1;3791248430;11797481068
func;56;28;1;3537514411;11530975449
func;56;29;1;3584373524;11582843237
func;56;30;1;3830727337;11838639264
func;56;31;1;3850631173;11860447774
func;56;32;1;2812080139;10799653995
func;108;1;1;46809246608;3250199883729
func;108;2;1;2988667990;3250208855904
func;108;3;1;2799318505;3250542363134
func;108;4;1;3043296001;3250528941751
func;108;5;1;3072596896;3251345014441
func;108;6;1;2988406811;3251350224834
func;108;7;1;3014680218;3250590056588
func;108;8;1;2594904111;3250591816977
func;108;9;1;2932136248;3249738752901
func;108;10;1;2923475721;3250548786281
func;108;11;1;2740035994;3250570026739
func;108;12;1;2888371595;3250314947485
func;108;13;1;2887789315;3250555623253
func;108;14;1;2906142002;3250288937217
func;108;15;1;2686775569;3250273876415
func;108;16;1;3054128933;3250540267793
func;108;17;1;3324405457;3250318241062
func;108;18;1;3203439792;3251400168785
func;108;19;1;2733224293;3250296471599
func;108;20;1;3028658011;3250286390469
func;108;21;1;2916643915;3250627793569
func;108;22;1;2961448504;3250626556702
func;108;23;1;2695892629;3250575150379
func;108;24;1;2992099603;3250307579998
func;108;25;1;2898695901;3250540785234
func;108;26;1;2929557754;3250549287246
func;108;27;1;2839807068;3250534594549
func;108;28;1;2792223976;3250267323139
func;108;29;1;3383684734;3250320442433
func;108;30;1;3134394651;3250576707889
func;108;31;1;2743282032;3250597333071
func;108;32;1;2999737263;3249535701202
func;120;1;150;601270827188;601270827188
func;120;2;150;632826851263;632826851263
func;120;3;150;645041462756;645041462756
func;120;4;150;644479182626;644479182626
func;120;5;150;634067558489;634067558489
func;120;6;150;639015738438;639015738438
func;120;7;150;623411224547;623411224547
func;120;8;150;622398955503;622398955503
func;120;9;150;643026120874;643026120874
func;120;10;150;627750045381;627750045381
func;120;11;150;645046264247;645046264247
func;120;12;150;641829518558;641829518558
func;120;13;150;638796825695;638796825695
func;120;14;150;644448501893;644448501893
func;120;15;150;633075057511;633075057511
func;120;16;150;627772153579;627772153579
func;120;17;150;636574949064;636574949064
func;120;18;150;647550165588;647550165588
func;120;19;150;642083498652;642083498652
func;120;20;150;638447906341;638447906341
func;120;21;150;646726318105;646726318105
func;120;22;150;633770492611;633770492611
func;120;23;150;636073969926;636073969926
func;120;24;150;629383762197;629383762197
func;120;25;150;649377725815;649377725815
func;120;26;150;626966497633;626966497633
func;120;27;150;629003124525;629003124525
func;120;28;150;632662938283;632662938283
func;120;29;150;643143270650;643143270650
func;120;30;150;655060181490;655060181490
func;120;31;150;635262032734;635262032734
func;120;32;150;629034508498;629034508498
func;139;1;1;2848;2848
func;139;2;1;6581;6581
func;139;3;1;5340;5340
func;139;4;1;2072;2072
func;139;5;1;6968;6968
func;139;6;1;4553;4553
func;139;7;1;2556;2556
func;139;8;1;4556;4556
func;139;9;1;2394;2394
func;139;10;1;5034;5034
func;139;11;1;3194;3194
func;139;12;1;4377;4377
func;139;13;1;5452;5452
func;139;14;1;1837;1837
func;139;15;1;5060;5060
func;139;16;1;1815;1815
func;139;17;1;4490;4490
func;139;18;1;7885;7885
func;139;19;1;4116;4116
func;139;20;1;2732;2732
func;139;21;1;4463;4463
func;139;22;1;4310;4310
func;139;23;1;4096;4096
func;139;24;1;3465;3465
func;139;25;1;5562;5562
func;139;26;1;1762;1762
func;139;27;1;4016;4016
func;139;28;1;2358;2358
func;139;29;1;5642;5642
func;139;30;1;7335;7335
func;139;31;1;3798;3798
func;139;32;1;3430;3430
func;142;1;1;543;543
func;142;2;1;1085;1085
func;142;3;1;1020;1020
func;142;4;1;553;553
func;142;5;1;1251;1251
func;142;6;1;891;891
func;142;7;1;811;811
func;142;8;1;930;930
func;142;9;1;554;554
func;142;10;1;711;711
func;142;11;1;573;573
func;142;12;1;953;953
func;142;13;1;1152;1152
func;142;14;1;509;509
func;142;15;1;909;909
func;142;16;1;531;531
func;142;17;1;698;698
func;142;18;1;823;823
func;142;19;1;875;875
func;142;20;1;748;748
func;142;21;1;542;542
func;142;22;1;518;518
func;142;23;1;757;757
func;142;24;1;972;972
func;142;25;1;966;966
func;142;26;1;710;710
func;142;27;1;736;736
func;142;28;1;836;836
func;142;29;1;889;889
func;142;30;1;971;971
func;142;31;1;528;528
func;142;32;1;689;689
func;152;1;1;10146942;62569123
func;152;2;1;10315048;301917772
func;152;3;1;9806182;196416761
func;152;4;1;8921316;246370018
func;152;5;1;12423524;324543223
func;152;6;1;9427417;135656251
func;152;7;1;8602078;187084758
func;152;8;1;9882654;143178180
func;152;9;1;9301367;116276489
func;152;10;1;10035537;174967759
func;152;11;1;8846117;329196711
func;152;12;1;9494611;303934363
func;152;13;1;10229376;274930894
func;152;14;1;9628062;306726102
func;152;15;1;9436451;226387051
func;152;16;1;8642634;180134925
func;152;17;1;9287154;300405316
func;152;18;1;10333623;343409376
func;152;19;1;9510890;275625616
func;152;20;1;8894963;237413750
func;152;21;1;10319080;331574095
func;152;22;1;9573047;199625443
func;152;23;1;9610170;209689833
func;152;24;1;8819635;157077074
func;152;25;1;10294943;321519727
func;152;26;1;9715659;351281324
func;152;27;1;9532583;133030613
func;152;28;1;8978782;166255090
func;152;29;1;9759194;290900293
func;152;30;1;10775707;183286390
func;152;31;1;9401302;170013456
func;152;32;1;8674909;113495119
func;193;1;38400;295319838290;295542009633
func;193;2;1472;2289099524166;2289099524166
func;193;3;1324;2286038091866;2286059515264
func;193;4;1349;2286294435371;2286326056410
func;193;5;1500;2289078431730;2289140565898
func;193;6;1501;2289544731765;2289566415410
func;193;7;1350;2280346849334;2280379626383
func;193;8;1200;2275399031155;2275434391817
func;193;9;1359;2283262189020;2283301202707
func;193;10;1350;2280939663249;2280962710420
func;193;11;1350;2283281416240;2283314141783
func;193;12;1350;2282598414670;2282620893356
func;193;13;1350;2281394997850;2281416624310
func;193;14;1350;2282015350518;2282054938812
func;193;15;1350;2280114116663;2280133217923
func;193;16;1350;2279232904942;2279271179682
func;193;17;1650;2288974728212;2289000162841
func;193;18;1501;2286408043560;2286475000401
func;193;19;1350;2280080592415;2280099629752
func;193;20;1350;2279461563199;2279497214158
func;193;21;1367;2279865025452;2279886469299
func;193;22;1350;2277594981293;2277630756710
func;193;23;1350;2277408545627;2277428574922
func;193;24;1350;2276451987102;2276489561913
func;193;25;1352;2278455434099;2278478236855
func;193;26;1348;2275275998138;2275312334138
func;193;27;1350;2275111685919;2275134003880
func;193;28;1350;2275574899502;2275611548306
func;193;29;1650;2285600304241;2285626241450
func;193;30;1527;2283964304308;2284031359478
func;193;31;1350;2274624178864;2274644381882
func;193;32;1350;2273761997939;2273802944102
func;203;1;43050;196138697;706516823
func;203;2;1322;51658954;51658954
func;203;3;1174;49702842;129484893
func;203;4;1199;53989779;144594742
func;203;5;1350;82862882;248785650
func;203;6;1351;64402966;144711785
func;203;7;1200;61709978;175273882
func;203;8;1050;66551642;170297522
func;203;9;1209;56379571;153561324
func;203;10;1200;58668931;140894262
func;203;11;1200;47587910;132874421
func;203;12;1200;57172034;130347382
func;203;13;1200;55888410;135544531
func;203;14;1200;48171696;131609621
func;203;15;1200;44735042;118524625
func;203;16;1200;56171014;155626897
func;203;17;1500;60803915;151620977
func;203;18;1351;96619870;248605396
func;203;19;1200;51626151;124137878
func;203;20;1200;57122304;155856431
func;203;21;1217;57301472;144017699
func;203;22;1200;53433302;152938677
func;203;23;1200;50335967;123687897
func;203;24;1200;55962163;152138379
func;203;25;1202;59799264;145696157
func;203;26;1198;57247720;156503870
func;203;27;1200;58750269;135027996
func;203;28;1200;47500579;128623511
func;203;29;1500;59968860;152930114
func;203;30;1377;99652752;255006043
func;203;31;1200;50801748;129547714
func;203;32;1200;56757779;158511444
func;328;2;1322;305689329319;305779320461
func;328;3;1174;283589200193;297056555454
func;328;4;1199;259931809089;295674860710
func;328;5;1350;266298171969;305036632849
func;328;6;1351;276507568671;299726945705
func;328;7;1200;308390672306;322062284563
func;328;8;1050;330479310048;330527692110
func;328;9;1209;257377541531;300704876149
func;328;10;1200;263388508009;318330826605
func;328;11;1200;251186736359;299898404371
func;328;12;1200;255293946038;302712603914
func;328;13;1200;270954348215;306884567531
func;328;14;1200;266568253985;301403940908
func;328;15;1200;291230681020;315204500757
func;328;16;1200;272262380673;319646716470
func;328;17;1500;296370125641;301701488310
func;328;18;1351;278092441198;294034462847
func;328;19;1200;299219444086;306026653685
func;328;20;1200;277959744459;309027207784
func;328;21;1217;272186415618;300316460333
func;328;22;1200;266733738150;315559421605
func;328;23;1200;285776976799;314506996220
func;328;24;1200;277432104885;320908860725
func;328;25;1202;290960413986;298947137913
func;328;26;1198;277724729108;324383079073
func;328;27;1200;283856185938;322866139897
func;328;28;1200;277189379048;320103298238
func;328;29;1500;290793031711;298506678312
func;328;30;1377;281920553292;289046163974
func;328;31;1200;291828994070;317938761077
func;328;32;1200;289581368995;324036819112
func;328;65538;1322;290656562201;307184342078
func;328;65539;1174;293904519042;297936197881
func;328;65540;1199;297093308654;297324766533
func;328;65541;1350;305475898861;305519741540
func;328;65542;1351;300504979262;300550630564
func;328;65543;1200;323390918448;323457232854
func;328;65544;1050;274609329142;331151663291
func;328;65545;1209;301724021161;301897023692
func;328;65546;1200;319433146344;319477469982
func;328;65547;1200;300670313854;300735038294
func;328;65548;1200;303833273549;303895125090
func;328;65549;1200;307984275984;308029911038
func;328;65550;1200;302123978069;302161452609
func;328;65551;1200;315905612959;315944175329
func;328;65552;1200;320942109565;321001638838
func;328;65553;1500;302250557201;302287710534
func;328;65554;1351;294490910754;294535194321
func;328;65555;1200;306818269372;306858285306
func;328;65556;1200;310168492121;310215321445
func;328;65557;1217;301309711973;301351706239
func;328;65558;1200;316690786422;316737004302
func;328;65559;1200;315352863868;315428366477
func;328;65560;1200;322120519435;322235362992
func;328;65561;1202;300023919277;300083004016
func;328;65562;1198;325602478912;325648355282
func;328;65563;1200;324224245861;324357652791
func;328;65564;1200;320824215624;320863731230
func;328;65565;1500;299085255004;299147999651
func;328;65566;1377;289478949603;289530732059
func;328;65567;1200;318722192777;318765724892
func;328;65568;1200;325269408936;325311763560
func;329;2;1322;10280330;305789600791
func;329;3;1174;9151491;297065706945
func;329;4;1199;11728532;295686589242
func;329;5;1350;13348442;305049981291
func;329;6;1351;11268662;299738214367
func;329;7;1200;13922044;322076206607
func;329;8;1050;11052301;330538744411
func;329;9;1209;10153925;300715030074
func;329;10;1200;12778033;318343604638
func;329;11;1200;9263411;299907667782
func;329;12;1200;11520446;302724124360
func;329;13;1200;12827325;306897394856
func;329;14;1200;9792426;301413733334
func;329;15;1200;10068733;315214569490
func;329;16;1200;12436460;319659152930
func;329;17;1500;11219710;301712708020
func;329;18;1351;14159794;294048622641
func;329;19;1200;10203026;306036856711
func;329;20;1200;12415116;309039622900
func;329;21;1217;11982753;300328443086
func;329;22;1200;12255072;315571676677
func;329;23;1200;10227746;314517223966
func;329;24;1200;12611512;320921472237
func;329;25;1202;13382123;298960520036
func;329;26;1198;12392882;324395471955
func;329;27;1200;11274199;322877414096
func;329;28;1200;9602579;320112900817
func;329;29;1500;11420347;298518098659
func;329;30;1377;13253106;289059417080
func;329;31;1200;9531315;317948292392
func;329;32;1200;12094719;324048913831
func;329;65538;1322;11120462;307195462540
func;329;65539;1174;12263466;297948461347
func;329;65540;1199;18398972;297343165505
func;329;65541;1350;16184731;305535926271
func;329;65542;1351;11980874;300562611438
func;329;65543;1200;16764427;323473997281
func;329;65544;1050;14048710;331165712001
func;329;65545;1209;16381843;301913405535
func;329;65546;1200;18381173;319495851155
func;329;65547;1200;13968157;300749006451
func;329;65548;1200;15209114;303910334204
func;329;65549;1200;19991502;308049902540
func;329;65550;1200;13320113;302174772722
func;329;65551;1200;17645314;315961820643
func;329;65552;1200;16437751;321018076589
func;329;65553;1500;14910662;302302621196
func;329;65554;1351;15251024;294550445345
func;329;65555;1200;14576357;306872861663
func;329;65556;1200;16467567;310231789012
func;329;65557;1217;19367016;301371073255
func;329;65558;1200;16701799;316753706101
func;329;65559;1200;15588744;315443955221
func;329;65560;1200;18901661;322254264653
func;329;65561;1202;18544168;300101548184
func;329;65562;1198;17684262;325666039544
func;329;65563;1200;15473035;324373125826
func;329;65564;1200;16875744;320880606974
func;329;65565;1500;13377790;299161377441
func;329;65566;1377;18547105;289549279164
func;329;65567;1200;16586930;318782311822
func;329;65568;1200;16054405;325327817965
func;330;2;1322;89991142;89991142
func;330;3;1174;13467355261;13467355261
func;330;4;1199;35743051621;35743051621
func;330;5;1350;38738460880;38738460880
func;330;6;1351;23219377034;23219377034
func;330;7;1200;13671612257;13671612257
func;330;8;1050;48382062;48382062
func;330;9;1209;43327334618;43327334618
func;330;10;1200;54942318596;54942318596
func;330;11;1200;48711668012;48711668012
func;330;12;1200;47418657876;47418657876
func;330;13;1200;35930219316;35930219316
func;330;14;1200;34835686923;34835686923
func;330;15;1200;23973819737;23973819737
func;330;16;1200;47384335797;47384335797
func;330;17;1500;5331362669;5331362669
func;330;18;1351;15942021649;15942021649
func;330;19;1200;6807209599;6807209599
func;330;20;1200;31067463325;31067463325
func;330;21;1217;28130044715;28130044715
func;330;22;1200;48825683455;48825683455
func;330;23;1200;28730019421;28730019421
func;330;24;1200;43476755840;43476755840
func;330;25;1202;7986723927;7986723927
func;330;26;1198;46658349965;46658349965
func;330;27;1200;39009953959;39009953959
func;330;28;1200;42913919190;42913919190
func;330;29;1500;7713646601;7713646601
func;330;30;1377;7125610682;7125610682
func;330;31;1200;26109767007;26109767007
func;330;32;1200;34455450117;34455450117
func;330;65538;1322;16527779877;16527779877
func;330;65539;1174;4031678839;4031678839
func;330;65540;1199;231457879;231457879
func;330;65541;1350;43842679;43842679
func;330;65542;1351;45651302;45651302
func;330;65543;1200;66314406;66314406
func;330;65544;1050;56542334149;56542334149
func;330;65545;1209;173002531;173002531
func;330;65546;1200;44323638;44323638
func;330;65547;1200;64724440;64724440
func;330;65548;1200;61851541;61851541
func;330;65549;1200;45635054;45635054
func;330;65550;1200;37474540;37474540
func;330;65551;1200;38562370;38562370
func;330;65552;1200;59529273;59529273
func;330;65553;1500;37153333;37153333
func;330;65554;1351;44283567;44283567
func;330;65555;1200;40015934;40015934
func;330;65556;1200;46829324;46829324
func;330;65557;1217;41994266;41994266
func;330;65558;1200;46217880;46217880
func;330;65559;1200;75502609;75502609
func;330;65560;1200;114843557;114843557
func;330;65561;1202;59084739;59084739
func;330;65562;1198;45876370;45876370
func;330;65563;1200;133406930;133406930
func;330;65564;1200;39515606;39515606
func;330;65565;1500;62744647;62744647
func;330;65566;1377;51782456;51782456
func;330;65567;1200;43532115;43532115
func;330;65568;1200;42354624;42354624
func;331;2;1322;898605249;1149556362
func;331;3;1174;911883596;1281446860
func;331;4;1199;1080985042;1330824331
func;331;5;1350;939707621;1157879490
func;331;6;1351;924147578;1156862256
func;331;7;1200;1134896792;1513368630
func;331;8;1050;822804706;1182747024
func;331;9;1209;1033680367;1376801146
func;331;10;1200;1047859810;1387721975
func;331;11;1200;911715761;1262260924
func;331;12;1200;1043639235;1337517158
func;331;13;1200;1064983180;1400776271
func;331;14;1200;1024683663;1199245801
func;331;15;1200;921916176;1232929370
func;331;16;1200;1190584337;1367553879
func;331;17;1500;1035628174;1294107262
func;331;18;1351;907586839;1161299309
func;331;19;1200;910563381;1271316459
func;331;20;1200;1119164740;1344443572
func;331;21;1217;1027749847;1402824608
func;331;22;1200;1118709818;1355650926
func;331;23;1200;938319818;1298350262
func;331;24;1200;1160310067;1349349934
func;331;25;1202;1064944719;1392062571
func;331;26;1198;1120065577;1362333833
func;331;27;1200;1036573929;1384599941
func;331;28;1200;940027336;1260210880
func;331;29;1500;1011462634;1281399003
func;331;30;1377;975682903;1186968759
func;331;31;1200;978143387;1313239631
func;331;32;1200;1080637781;1388596413
func;331;65538;1322;1098595346;1144463941
func;331;65539;1174;1220243649;1265610388
func;331;65540;1199;1232730217;1322839963
func;331;65541;1350;1078559130;1152176265
func;331;65542;1351;1107668227;1155415137
func;331;65543;1200;1459795871;1500550370
func;331;65544;1050;1138515628;1175896053
func;331;65545;1209;1318938681;1367356321
func;331;65546;1200;1327972175;1382043269
func;331;65547;1200;1197691214;1254215353
func;331;65548;1200;1261530599;1332480835
func;331;65549;1200;1340078547;1392034874
func;331;65550;1200;1108931392;1190451526
func;331;65551;1200;1169660524;1223933225
func;331;65552;1200;1258220016;1356241945
func;331;65553;1500;1224351160;1287408477
func;331;65554;1351;1118277988;1156028324
func;331;65555;1200;1214686126;1263290346
func;331;65556;1200;1237601380;1335238680
func;331;65557;1217;1356435947;1398142384
func;331;65558;1200;1256297963;1346099444
func;331;65559;1200;1247655972;1289016596
func;331;65560;1200;1233546030;1337939649
func;331;65561;1202;1335012786;1382117366
func;331;65562;1198;1265802770;1352735431
func;331;65563;1200;1328723095;1380170277
func;331;65564;1200;1187266369;1248795850
func;331;65565;1500;1240159280;1279755789
func;331;65566;1377;1093133866;1178208297
func;331;65567;1200;1253451214;1305940843
func;331;65568;1200;1313526348;1377287974
func;332;2;1322;3556412;1153112774
func;332;3;1174;3774208;1285221068
func;332;4;1199;3941222;1334765553
func;332;5;1350;4728348;1162607838
func;332;6;1351;4164557;1161026813
func;332;7;1200;4431475;1517800105
func;332;8;1050;4273899;1187020923
func;332;9;1209;3952714;1380753860
func;332;10;1200;4869443;1392591418
func;332;11;1200;3385697;1265646621
func;332;12;1200;4233549;1341750707
func;332;13;1200;4454483;1405230754
func;332;14;1200;3255704;1202501505
func;332;15;1200;3721463;1236650833
func;332;16;1200;3700830;1371254709
func;332;17;1500;5183279;1299290541
func;332;18;1351;5833444;1167132753
func;332;19;1200;3915452;1275231911
func;332;20;1200;4199959;1348643531
func;332;21;1217;4801988;1407626596
func;332;22;1200;3663178;1359314104
func;332;23;1200;4364574;1302714836
func;332;24;1200;3719020;1353068954
func;332;25;1202;4886279;1396948850
func;332;26;1198;3805909;1366139742
func;332;27;1200;4430850;1389030791
func;332;28;1200;3080136;1263291016
func;332;29;1500;5080994;1286479997
func;332;30;1377;5104856;1192073615
func;332;31;1200;4007687;1317247318
func;332;32;1200;4639106;1393235519
func;332;65538;1322;9817038;1154280979
func;332;65539;1174;9790763;1275401151
func;332;65540;1199;11392424;1334232387
func;332;65541;1350;11942326;1164118591
func;332;65542;1351;8499894;1163915031
func;332;65543;1200;16679834;1517230204
func;332;65544;1050;9925710;1185821763
func;332;65545;1209;12706296;1380062617
func;332;65546;1200;11835672;1393878941
func;332;65547;1200;11268976;1265484329
func;332;65548;1200;10817676;1343298511
func;332;65549;1200;13960160;1405995034
func;332;65550;1200;10985443;1201436969
func;332;65551;1200;11563916;1235497141
func;332;65552;1200;12678572;1368920517
func;332;65553;1500;10973290;1298381767
func;332;65554;1351;11278799;1167307123
func;332;65555;1200;11399807;1274690153
func;332;65556;1200;11602217;1346840897
func;332;65557;1217;11950123;1410092507
func;332;65558;1200;13369234;1359468678
func;332;65559;1200;12143368;1301159964
func;332;65560;1200;12075665;1350015314
func;332;65561;1202;15378877;1397496243
func;332;65562;1198;13012052;1365747483
func;332;65563;1200;12435977;1392606254
func;332;65564;1200;12931755;1261727605
func;332;65565;1500;8984745;1288740534
func;332;65566;1377;13568545;1191776842
func;332;65567;1200;12125101;1318065944
func;332;65568;1200;14194006;1391481980
func;333;2;1322;250951113;250951113
func;333;3;1174;369563264;369563264
func;333;4;1199;249839289;249839289
func;333;5;1350;218171869;218171869
func;333;6;1351;232714678;232714678
func;333;7;1200;378471838;378471838
func;333;8;1050;359942318;359942318
func;333;9;1209;343120779;343120779
func;333;10;1200;339862165;339862165
func;333;11;1200;350545163;350545163
func;333;12;1200;293877923;293877923
func;333;13;1200;335793091;335793091
func;333;14;1200;174562138;174562138
func;333;15;1200;311013194;311013194
func;333;16;1200;176969542;176969542
func;333;17;1500;258479088;258479088
func;333;18;1351;253712470;253712470
func;333;19;1200;360753078;360753078
func;333;20;1200;225278832;225278832
func;333;21;1217;375074761;375074761
func;333;22;1200;236941108;236941108
func;333;23;1200;360030444;360030444
func;333;24;1200;189039867;189039867
func;333;25;1202;327117852;327117852
func;333;26;1198;242268256;242268256
func;333;27;1200;348026012;348026012
func;333;28;1200;320183544;320183544
func;333;29;1500;269936369;269936369
func;333;30;1377;211285856;211285856
func;333;31;1200;335096244;335096244
func;333;32;1200;307958632;307958632
func;333;65538;1322;45868595;45868595
func;333;65539;1174;45366739;45366739
func;333;65540;1199;90109746;90109746
func;333;65541;1350;73617135;73617135
func;333;65542;1351;47746910;47746910
func;333;65543;1200;40754499;40754499
func;333;65544;1050;37380425;37380425
func;333;65545;1209;48417640;48417640
func;333;65546;1200;54071094;54071094
func;333;65547;1200;56524139;56524139
func;333;65548;1200;70950236;70950236
func;333;65549;1200;51956327;51956327
func;333;65550;1200;81520134;81520134
func;333;65551;1200;54272701;54272701
func;333;65552;1200;98021929;98021929
func;333;65553;1500;63057317;63057317
func;333;65554;1351;37750336;37750336
func;333;65555;1200;48604220;48604220
func;333;65556;1200;97637300;97637300
func;333;65557;1217;41706437;41706437
func;333;65558;1200;89801481;89801481
func;333;65559;1200;41360624;41360624
func;333;65560;1200;104393619;104393619
func;333;65561;1202;47104580;47104580
func;333;65562;1198;86932661;86932661
func;333;65563;1200;51447182;51447182
func;333;65564;1200;61529481;61529481
func;333;65565;1500;39596509;39596509
func;333;65566;1377;85074431;85074431
func;333;65567;1200;52489629;52489629
func;333;65568;1200;63761626;63761626
func;334;2;1322;15790541;20456133
func;334;3;1174;12899447;16840930
func;334;4;1199;13615857;18632716
func;334;5;1350;20077243;25707808
func;334;6;1351;14843679;19129623
func;334;7;1200;15172146;22014828
func;334;8;1050;13407938;17929398
func;334;9;1209;13665246;19315293
func;334;10;1200;14718238;19130565
func;334;11;1200;13273405;19174697
func;334;12;1200;14350031;19855373
func;334;13;1200;14701814;21639732
func;334;14;1200;13338212;18527891
func;334;15;1200;12836950;17361394
func;334;16;1200;14941047;20123490
func;334;17;1500;16390996;20906868
func;334;18;1351;18035850;23265768
func;334;19;1200;13190626;17328951
func;334;20;1200;13498372;19315742
func;334;21;1217;14562842;19262855
func;334;22;1200;14481687;21569111
func;334;23;1200;13308969;18137037
func;334;24;1200;14371737;20073806
func;334;25;1202;14292051;20144293
func;334;26;1198;13778710;19786171
func;334;27;1200;14263200;18593412
func;334;28;1200;13073837;19165488
func;334;29;1500;16333588;20703487
func;334;30;1377;18004167;23421275
func;334;31;1200;13530076;20330334
func;334;32;1200;14222973;18852894
func;334;65538;1322;14519642;20274697
func;334;65539;1174;11350364;17257527
func;334;65540;1199;12180956;18366598
func;334;65541;1350;17464702;26326831
func;334;65542;1351;13767773;19421544
func;334;65543;1200;15577614;21613384
func;334;65544;1050;12561116;18235829
func;334;65545;1209;13402853;19619820
func;334;65546;1200;12169464;19054078
func;334;65547;1200;14276929;19250193
func;334;65548;1200;14223899;20145579
func;334;65549;1200;15561450;21359178
func;334;65550;1200;13517883;18502348
func;334;65551;1200;12191744;17330605
func;334;65552;1200;14695138;20373429
func;334;65553;1500;13812280;21177904
func;334;65554;1351;13183710;24609867
func;334;65555;1200;12472698;17732811
func;334;65556;1200;13710236;19582807
func;334;65557;1217;12332289;19631551
func;334;65558;1200;15878626;21457516
func;334;65559;1200;12426878;18344131
func;334;65560;1200;14512931;20239138
func;334;65561;1202;14448671;20423789
func;334;65562;1198;14401510;20082338
func;334;65563;1200;12053476;19021487
func;334;65564;1200;14327159;18661921
func;334;65565;1500;14285636;20862349
func;334;65566;1377;14237570;24231079
func;334;65567;1200;15069393;20344122
func;334;65568;1200;13198373;19046288
func;335;2;1322;2737296;23193429
func;335;3;1174;2656499;19497429
func;335;4;1199;2658093;21290809
func;335;5;1350;3249568;28957376
func;335;6;1351;2921696;22051319
func;335;7;1200;2933203;24948031
func;335;8;1050;2707738;20637136
func;335;9;1209;2785513;22100806
func;335;10;1200;2751037;21881602
func;335;11;1200;2499385;21674082
func;335;12;1200;2624057;22479430
func;335;13;1200;2787417;24427149
func;335;14;1200;2330180;20858071
func;335;15;1200;2490206;19851600
func;335;16;1200;2482643;22606133
func;335;17;1500;3477368;24384236
func;335;18;1351;4019899;27285667
func;335;19;1200;2631138;19960089
func;335;20;1200;2476391;21792133
func;335;21;1217;2986702;22249557
func;335;22;1200;2282662;23851773
func;335;23;1200;2460060;20597097
func;335;24;1200;2466891;22540697
func;335;25;1202;2702272;22846565
func;335;26;1198;2505061;22291232
func;335;27;1200;2905698;21499110
func;335;28;1200;2154185;21319673
func;335;29;1500;3411374;24114861
func;335;30;1377;3732765;27154040
func;335;31;1200;2419357;22749691
func;335;32;1200;2655111;21508005
func;335;65538;1322;2612887;22887584
func;335;65539;1174;2208031;19465558
func;335;65540;1199;2746421;21113019
func;335;65541;1350;2499299;28826130
func;335;65542;1351;2879740;22301284
func;335;65543;1200;3107596;24720980
func;335;65544;1050;2423536;20659365
func;335;65545;1209;2289498;21909318
func;335;65546;1200;2864440;21918518
func;335;65547;1200;2442934;21693127
func;335;65548;1200;2527647;22673226
func;335;65549;1200;2767622;24126800
func;335;65550;1200;2395131;20897479
func;335;65551;1200;2655217;19985822
func;335;65552;1200;2447362;22820791
func;335;65553;1500;3446448;24624352
func;335;65554;1351;2993237;27603104
func;335;65555;1200;1960981;19693792
func;335;65556;1200;2483326;22066133
func;335;65557;1217;2167485;21799036
func;335;65558;1200;2439916;23897432
func;335;65559;1200;2431680;20775811
func;335;65560;1200;2431744;22670882
func;335;65561;1202;2597502;23021291
func;335;65562;1198;2303607;22385945
func;335;65563;1200;2336079;21357566
func;335;65564;1200;2412909;21074830
func;335;65565;1500;3369043;24231392
func;335;65566;1377;3037012;27268091
func;335;65567;1200;2444061;22788183
func;335;65568;1200;2704411;21750699
func;336;2;1322;4665592;4665592
func;336;3;1174;3941483;3941483
func;336;4;1199;5016859;5016859
func;336;5;1350;5630565;5630565
func;336;6;1351;4285944;4285944
func;336;7;1200;6842682;6842682
func;336;8;1050;4521460;4521460
func;336;9;1209;5650047;5650047
func;336;10;1200;4412327;4412327
func;336;11;1200;5901292;5901292
func;336;12;1200;5505342;5505342
func;336;13;1200;6937918;6937918
func;336;14;1200;5189679;5189679
func;336;15;1200;4524444;4524444
func;336;16;1200;5182443;5182443
func;336;17;1500;4515872;4515872
func;336;18;1351;5229918;5229918
func;336;19;1200;4138325;4138325
func;336;20;1200;5817370;5817370
func;336;21;1217;4700013;4700013
func;336;22;1200;7087424;7087424
func;336;23;1200;4828068;4828068
func;336;24;1200;5702069;5702069
func;336;25;1202;5852242;5852242
func;336;26;1198;6007461;6007461
func;336;27;1200;4330212;4330212
func;336;28;1200;6091651;6091651
func;336;29;1500;4369899;4369899
func;336;30;1377;5417108;5417108
func;336;31;1200;6800258;6800258
func;336;32;1200;4629921;4629921
func;336;65538;1322;5755055;5755055
func;336;65539;1174;5907163;5907163
func;336;65540;1199;6185642;6185642
func;336;65541;1350;8862129;8862129
func;336;65542;1351;5653771;5653771
func;336;65543;1200;6035770;6035770
func;336;65544;1050;5674713;5674713
func;336;65545;1209;6216967;6216967
func;336;65546;1200;6884614;6884614
func;336;65547;1200;4973264;4973264
func;336;65548;1200;5921680;5921680
func;336;65549;1200;5797728;5797728
func;336;65550;1200;4984465;4984465
func;336;65551;1200;5138861;5138861
func;336;65552;1200;5678291;5678291
func;336;65553;1500;7365624;7365624
func;336;65554;1351;11426157;11426157
func;336;65555;1200;5260113;5260113
func;336;65556;1200;5872571;5872571
func;336;65557;1217;7299262;7299262
func;336;65558;1200;5578890;5578890
func;336;65559;1200;5917253;5917253
func;336;65560;1200;5726207;5726207
func;336;65561;1202;5975118;5975118
func;336;65562;1198;5680828;5680828
func;336;65563;1200;6968011;6968011
func;336;65564;1200;4334762;4334762
func;336;65565;1500;6576713;6576713
func;336;65566;1377;9993509;9993509
func;336;65567;1200;5274729;5274729
func;336;65568;1200;5847915;5847915
p2p;1;2;1;1;150;0;9049121
p2p;1;2;3;6;150;600;551533306
p2p;1;2;3;9;1082;4328;65863892
p2p;1;2;3;10;90;360;2941076
p2p;1;3;1;1;149;0;2170609139103
p2p;1;3;3;1;462;1848;12864813934029
p2p;1;3;3;5;9;36;105167611
p2p;1;3;3;6;141;564;985171136
p2p;1;3;3;8;290;1160;68213473
p2p;1;3;3;9;214;856;23032859
p2p;1;3;3;10;39;156;1078178
p2p;1;3;3;11;10;40;71448
p2p;1;3;3;12;1;4;1525
p2p;1;4;1;1;149;0;2397362388960
p2p;1;4;3;1;525;2100;12980835726014
p2p;1;4;3;5;20;80;315459254
p2p;1;4;3;6;130;520;1012930091
p2p;1;4;3;7;1;4;1762039
p2p;1;4;3;8;237;948;55568934
p2p;1;4;3;9;216;864;23471592
p2p;1;4;3;10;53;212;1264031
p2p;1;4;3;11;8;32;49821
p2p;1;4;3;12;1;4;1372
p2p;1;5;1;1;150;0;24692688
p2p;1;5;3;5;150;600;1857510003
p2p;1;5;3;8;1199;4796;297764647
p2p;1;5;3;9;1;4;159078
p2p;1;6;1;1;150;0;29546236
p2p;1;6;3;5;150;600;1999994029
p2p;1;6;3;8;1198;4792;233692890
p2p;1;6;3;9;3;12;455010
p2p;1;7;1;1;150;0;28669895
p2p;1;7;3;5;150;600;2531662204
p2p;1;7;3;8;1050;4200;218286047
p2p;1;8;1;1;150;0;28344516
p2p;1;8;3;4;1;4;41035854
p2p;1;8;3;5;149;596;2648427801
p2p;1;8;3;8;900;3600;204901448
p2p;1;9;1;1;150;0;32982487
p2p;1;9;3;4;3;12;132895926
p2p;1;9;3;5;147;588;3066312779
p2p;1;9;3;8;1058;4232;227058401
p2p;1;9;3;9;1;4;147764
p2p;1;10;1;1;150;0;29041564
p2p;1;10;3;4;3;12;137381823
p2p;1;10;3;5;147;588;3193262643
p2p;1;10;3;8;1050;4200;224046875
p2p;1;11;1;1;150;0;29839127
p2p;1;11;3;4;4;16;191087874
p2p;1;11;3;5;146;584;3664091674
p2p;1;11;3;8;1034;4136;207894172
p2p;1;11;3;9;16;64;2367963
p2p;1;12;1;1;150;0;26846650
p2p;1;12;3;4;4;16;193130177
p2p;1;12;3;5;146;584;3789441356
p2p;1;12;3;8;1045;4180;208067209
p2p;1;12;3;9;5;20;758163
p2p;1;13;1;1;150;0;28682740
p2p;1;13;3;4;8;32;383325910
p2p;1;13;3;5;142;568;4129163197
p2p;1;13;3;8;1050;4200;227745614
p2p;1;14;1;1;150;0;35097281
p2p;1;14;3;4;8;32;391455790
p2p;1;14;3;5;142;568;4234673893
p2p;1;14;3;8;1050;4200;232408216
p2p;1;15;1;1;150;0;28151128
p2p;1;15;3;4;13;52;640994682
p2p;1;15;3;5;137;548;4492152778
p2p;1;15;3;8;962;3848;188719611
p2p;1;15;3;9;88;352;13539944
p2p;1;16;1;1;150;0;21883173
p2p;1;16;3;4;13;52;654656257
p2p;1;16;3;5;137;548;4594880110
p2p;1;16;3;8;1029;4116;222970693
p2p;1;16;3;9;21;84;3191030
p2p;1;17;1;1;150;0;26835642
p2p;1;17;3;4;18;72;911808442
p2p;1;17;3;5;132;528;4838806551
p2p;1;17;3;8;1346;5384;259653008
p2p;1;17;3;9;4;16;625958
p2p;1;18;1;1;150;0;40560956
p2p;1;18;3;4;27;108;1296521724
p2p;1;18;3;5;123;492;4574109195
p2p;1;18;3;8;1201;4804;312521603
p2p;1;19;1;1;150;0;29108772
p2p;1;19;3;4;56;224;2584509575
p2p;1;19;3;5;94;376;3793908021
p2p;1;19;3;8;1048;4192;208969181
p2p;1;19;3;9;2;8;311585
p2p;1;20;1;1;150;0;22952662
p2p;1;20;3;4;148;592;6407706152
p2p;1;20;3;5;2;8;81114792
p2p;1;20;3;8;1049;4196;232398976
p2p;1;20;3;9;1;4;140541
p2p;1;21;1;1;150;0;31211578
p2p;1;21;3;4;150;600;6992806561
p2p;1;21;3;8;1059;4236;218079337
p2p;1;21;3;9;8;32;1257383
p2p;1;22;1;1;150;0;23130732
p2p;1;22;3;4;150;600;7106267404
p2p;1;22;3;5;1;4;15472619
p2p;1;22;3;8;1048;4192;228939985
p2p;1;22;3;9;1;4;156049
p2p;1;23;1;1;150;0;34559250
p2p;1;23;3;4;150;600;7614983993
p2p;1;23;3;8;1050;4200;221552737
p2p;1;24;1;1;150;0;24609366
p2p;1;24;3;4;150;600;7728162278
p2p;1;24;3;8;1050;4200;244412964
p2p;1;25;1;1;150;0;33551840
p2p;1;25;3;4;150;600;8230029865
p2p;1;25;3;8;1052;4208;234680927
p2p;1;26;1;1;150;0;24076159
p2p;1;26;3;4;150;600;8341026949
p2p;1;26;3;8;1048;4192;240211636
p2p;1;27;1;1;150;0;27435364
p2p;1;27;3;4;150;600;8851097299
p2p;1;27;3;8;1050;4200;220596310
p2p;1;28;1;1;150;0;32435413
p2p;1;28;3;4;150;600;8964347236
p2p;1;28;3;8;1047;4188;225289122
p2p;1;28;3;9;3;12;432216
p2p;1;29;1;1;150;0;26978259
p2p;1;29;3;4;150;600;9462719699
p2p;1;29;3;8;1317;5268;248677917
p2p;1;29;3;9;33;132;5125110
p2p;1;30;1;1;150;0;38058629
p2p;1;30;3;4;150;600;9565185842
p2p;1;30;3;8;1227;4908;318166323
p2p;1;31;1;1;150;0;32102496
p2p;1;31;3;4;150;600;10061557440
p2p;1;31;3;8;1046;4184;206808963
p2p;1;31;3;9;4;16;617957
p2p;1;32;1;1;150;0;21751692
p2p;1;32;3;4;150;600;10057675657
p2p;1;32;3;8;1050;4200;234304584
p2p;2;1;5;1;149;2384;2289030426134
p2p;2;1;5;10;800;12800;36482550
p2p;2;1;5;11;373;5968;13589404
p2p;3;1;5;1;149;2384;2285575888422
p2p;3;1;5;5;1;16;41937580
p2p;3;1;5;6;5;80;121741134
p2p;3;1;5;7;1;16;3118687
p2p;3;1;5;8;1;16;659043
p2p;3;1;5;9;923;14768;306249900
p2p;3;1;5;10;94;1504;12251727
p2p;4;1;5;1;149;2384;2285767402576
p2p;4;1;5;6;11;176;261660724
p2p;4;1;5;9;967;15472;323555545
p2p;4;1;5;10;72;1152;9772932
p2p;5;1;5;1;149;2384;2288735865491
p2p;5;1;5;9;1201;19216;343396212
p2p;6;1;5;1;149;2384;2289205969098
p2p;6;1;5;8;1;16;1923893
p2p;6;1;5;9;1201;19216;249929922
p2p;7;1;5;1;149;2384;2280044402609
p2p;7;1;5;6;1;16;11203772
p2p;7;1;5;9;1050;16800;259028107
p2p;8;1;5;1;149;2384;2275145827262
p2p;8;1;5;7;1;16;3109846
p2p;8;1;5;9;900;14400;229612693
p2p;9;1;5;1;149;2384;2282962064776
p2p;9;1;5;9;1060;16960;241299384
p2p;10;1;5;1;149;2384;2280633050839
p2p;10;1;5;8;1;16;642003
p2p;10;1;5;9;1049;16784;226209893
p2p;10;1;5;10;1;16;158680
p2p;11;1;5;1;149;2384;2282985175228
p2p;11;1;5;9;1051;16816;226179274
p2p;12;1;5;1;149;2384;2282301757500
p2p;12;1;5;9;1051;16816;222686018
p2p;13;1;5;1;149;2384;2281085409299
p2p;13;1;5;9;1050;16800;214819726
p2p;13;1;5;10;1;16;152236
p2p;14;1;5;1;149;2384;2281722367057
p2p;14;1;5;9;1049;16784;204274737
p2p;14;1;5;10;2;32;300566
p2p;15;1;5;1;149;2384;2279808800056
p2p;15;1;5;9;1049;16784;216231221
p2p;15;1;5;10;2;32;276883
p2p;16;1;5;1;149;2384;2278944807814
p2p;16;1;5;9;1050;16800;242652350
p2p;16;1;5;10;1;16;158692
p2p;17;1;5;1;149;2384;2288586922837
p2p;17;1;5;9;1351;21616;284457809
p2p;18;1;5;1;149;2384;2286048057419
p2p;18;1;5;9;1202;19232;338321103
p2p;19;1;5;1;149;2384;2279783554573
p2p;19;1;5;9;1050;16800;209635926
p2p;19;1;5;10;1;16;144922
p2p;20;1;5;1;149;2384;2279172933773
p2p;20;1;5;9;1051;16816;233065023
p2p;21;1;5;1;149;2384;2279550355949
p2p;21;1;5;8;2;32;1647027
p2p;21;1;5;9;1066;17056;237882722
p2p;22;1;5;1;149;2384;2277283142503
p2p;22;1;5;9;1051;16816;240353718
p2p;23;1;5;1;149;2384;2277097061604
p2p;23;1;5;8;1;16;728573
p2p;23;1;5;9;1049;16784;202670478
p2p;23;1;5;10;1;16;143690
p2p;24;1;5;1;149;2384;2276143744872
p2p;24;1;5;6;1;16;12417582
p2p;24;1;5;8;1;16;669358
p2p;24;1;5;9;1047;16752;223781663
p2p;24;1;5;10;2;32;316698
p2p;25;1;5;1;149;2384;2278140226750
p2p;25;1;5;8;1;16;644422
p2p;25;1;5;9;1049;16784;224319213
p2p;25;1;5;10;3;48;454731
p2p;26;1;5;1;149;2384;2274980843390
p2p;26;1;5;9;1047;16752;228089109
p2p;26;1;5;10;2;32;304128
p2p;27;1;5;1;149;2384;2274804803715
p2p;27;1;5;7;1;16;5418899
p2p;27;1;5;9;1048;16768;219753643
p2p;27;1;5;10;2;32;308770
p2p;28;1;5;1;149;2384;2275282112409
p2p;28;1;5;9;1048;16768;206753952
p2p;28;1;5;10;3;48;457641
p2p;29;1;5;1;149;2384;2285224871846
p2p;29;1;5;9;1350;21600;280625789
p2p;29;1;5;10;1;16;150600
p2p;30;1;5;1;149;2384;2283598564920
p2p;30;1;5;9;1228;19648;343974103
p2p;31;1;5;1;149;2384;2274317589796
p2p;31;1;5;9;1051;16816;221432817
p2p;32;1;5;1;149;2384;2273471485037
p2p;32;1;5;9;1051;16816;241161508
collopdef;1;MPI_Allgather;ALL2ALL
collopdef;2;MPI_Allgatherv;ALL2ALL
collopdef;3;MPI_Allreduce;ALL2ALL
collopdef;4;MPI_Alltoall;ALL2ALL
collopdef;5;MPI_Alltoallv;ALL2ALL
collopdef;6;MPI_Barrier;Barrier
collopdef;7;MPI_Bcast;ONE2ALL
collopdef;8;MPI_Gather;ALL2ONE
collopdef;9;MPI_Gatherv;ALL2ONE
collopdef;10;MPI_Reduce;ALL2ONE
collopdef;11;MPI_Reduce_scatter;ALL2ALL
collopdef;12;MPI_Scan;UNKNOWN
collopdef;13;MPI_Scatter;ONE2ALL
collopdef;14;MPI_Scatterv;ONE2ALL
collopdef;15;MPI_Alltoallw;ALL2ALL
collopdef;16;MPI_Exscan;UNKNOWN
collop;1;7;150;150;58905600;0;601270827188
collop;2;7;0;150;0;20842905600;632826851263
collop;3;7;0;150;0;20842905600;645041462756
collop;4;7;0;150;0;20842905600;644479182626
collop;5;7;0;150;0;20842905600;634067558489
collop;6;7;0;150;0;20842905600;639015738438
collop;7;7;0;150;0;20842905600;623411224547
collop;8;7;0;150;0;20842905600;622398955503
collop;9;7;0;150;0;20842905600;643026120874
collop;10;7;0;150;0;20842905600;627750045381
collop;11;7;0;150;0;20842905600;645046264247
collop;12;7;0;150;0;20842905600;641829518558
collop;13;7;0;150;0;20842905600;638796825695
collop;14;7;0;150;0;20842905600;644448501893
collop;15;7;0;150;0;20842905600;633075057511
collop;16;7;0;150;0;20842905600;627772153579
collop;17;7;0;150;0;20842905600;636574949064
collop;18;7;0;150;0;20842905600;647550165588
collop;19;7;0;150;0;20842905600;642083498652
collop;20;7;0;150;0;20842905600;638447906341
collop;21;7;0;150;0;20842905600;646726318105
collop;22;7;0;150;0;20842905600;633770492611
collop;23;7;0;150;0;20842905600;636073969926
collop;24;7;0;150;0;20842905600;629383762197
collop;25;7;0;150;0;20842905600;649377725815
collop;26;7;0;150;0;20842905600;626966497633
collop;27;7;0;150;0;20842905600;629003124525
collop;28;7;0;150;0;20842905600;632662938283
collop;29;7;0;150;0;20842905600;643143270650
collop;30;7;0;150;0;20842905600;655060181490
collop;31;7;0;150;0;20842905600;635262032734
collop;32;7;0;150;0;20842905600;629034508498
bin1;1;0;1
bin1;2;2;2
bin1;3;3;4
bin1;4;5;8
bin1;5;9;16
bin1;6;17;32
bin1;7;33;64
bin1;8;65;128
bin1;9;129;256
bin1;10;257;512
bin1;11;513;1024
bin1;12;1025;2048
bin1;13;2049;4096
bin1;14;4097;8192
bin1;15;8193;16384
bin1;16;16385;32768
bin1;17;32769;65536
bin1;18;65537;131072
bin1;19;131073;262144
bin1;20;262145;524288
bin1;21;524289;1048576
bin1;22;1048577;2097152
bin1;23;2097153;4194304
bin1;24;4194305;4194305
bin2;1;0;4
bin2;2;5;16
bin2;3;17;64
bin2;4;65;256
bin2;5;257;1024
bin2;6;1025;4096
bin2;7;4097;16384
bin2;8;16385;65536
bin2;9;65537;262144
bin2;10;262145;1048576
bin2;11;1048577;4194304
bin2;12;4194305;16777216
bin2;13;16777217;67108864
bin2;14;67108865;268435456
bin2;15;268435457;1073741824
bin2;16;1073741825;1073741825
